neuron_class,conf,body,max_neurotransmitter,max_nt_value,gt_neurotransmitter,bodyId_pre,bodyId_post,roi_pre,roi_post,x_pre,y_pre,z_pre,x_post,y_post,z_post,confidence_pre,confidence_post
neuron1,0.993,480590566,gaba,0.8843741416931152,gaba,480590566,294436967,SCL(R),SCL(R),8135,16114,13487,8122,16117,13490,0.993,0.996199
neuron1,0.981,480590566,gaba,0.9691250920295715,gaba,480590566,361968122,LH(R),LH(R),7208,18013,10822,7182,18013,10815,0.981,0.970703
neuron1,0.994,480590566,gaba,0.6337454915046692,gaba,480590566,635062078,CA(R),CA(R),13565,11928,10853,13579,11927,10880,0.994,0.985637
neuron1,0.986,480590566,gaba,0.9691821932792664,gaba,480590566,1818307672,CA(R),CA(R),14060,15781,10415,14043,15788,10417,0.986,0.987977
neuron1,0.97,480590566,gaba,0.9037709832191467,gaba,480590566,730537677,LH(R),LH(R),6325,17967,12083,6311,17955,12088,0.97,0.975336
neuron1,0.978,480590566,gaba,0.9992233514785767,gaba,480590566,1162063500,CA(R),CA(R),13533,13170,12025,13536,13187,12016,0.978,0.990129
neuron1,0.958,480590566,gaba,0.9612957239151001,gaba,480590566,5813034571,LH(R),LH(R),3673,21612,12926,3656,21622,12923,0.958,0.968033
neuron1,0.988,480590566,gaba,0.9112334251403809,gaba,480590566,1640594274,LH(R),LH(R),7258,20451,9739,7262,20429,9729,0.988,0.977675
neuron1,0.99,480590566,gaba,0.9969809651374817,gaba,480590566,1850706912,LH(R),LH(R),4025,20321,12809,4038,20321,12800,0.99,0.998148
neuron1,0.958,480590566,gaba,0.8937566876411438,gaba,480590566,5813060614,CA(R),CA(R),16699,13350,12395,16697,13326,12402,0.958,0.979599
neuron1,0.983,480590566,gaba,0.6944859623908997,gaba,480590566,421310144,LH(R),LH(R),5830,19630,12282,5825,19637,12266,0.983,0.979529
neuron1,0.992,480590566,gaba,0.9279349446296692,gaba,480590566,754854077,LH(R),LH(R),3938,16660,12803,3945,16643,12819,0.992,0.984413
neuron1,0.987,480590566,gaba,0.9395385384559631,gaba,480590566,1827861966,SCL(R),SCL(R),14167,15635,12715,14194,15662,12707,0.987,0.980323
neuron1,0.984,480590566,gaba,0.9771833419799805,gaba,480590566,581633934,CA(R),CA(R),14588,14374,12150,14579,14358,12139,0.984,0.972232
neuron1,0.993,480590566,gaba,0.9996365308761597,gaba,480590566,910063307,CA(R),CA(R),15352,12986,11478,15375,12993,11484,0.993,0.956125
neuron2,0.972,425790257,gaba,0.9437625408172607,gaba,425790257,693846112,CA(R),CA(R),15725,14150,11729,15718,14163,11720,0.972,0.994057
neuron2,0.988,425790257,gaba,0.6482187509536743,gaba,425790257,1130687130,PED(R),PED(R),13122,23881,17533,13110,23873,17548,0.988,0.999538
neuron2,0.999,425790257,gaba,0.7836713194847107,gaba,425790257,1313496027,PED(R),PED(R),14964,27402,19085,14956,27418,19073,0.999,0.989894
neuron2,0.993,425790257,gaba,0.3361937999725342,gaba,425790257,1882083076,CA(R),CA(R),15369,13765,12718,15391,13764,12701,0.993,0.954143
neuron2,0.981,425790257,gaba,0.8439909815788269,gaba,425790257,5813069096,CA(R),CA(R),11964,14265,9816,11972,14254,9799,0.981,0.994588
neuron2,0.96,425790257,gaba,0.9991600513458252,gaba,425790257,1016459595,CA(R),CA(R),11998,14391,11993,12015,14376,11982,0.96,0.986235
neuron2,0.989,425790257,gaba,0.9062409996986389,gaba,425790257,5813021273,gL(R),gL(R),16915,34210,19016,16915,34235,19015,0.989,0.969697
neuron2,0.976,425790257,gaba,0.6264100074768066,gaba,425790257,799586652,gL(R),gL(R),21506,30867,17380,21512,30848,17379,0.976,0.996156
neuron2,0.991,425790257,gaba,0.743079423904419,gaba,425790257,880404940,PED(R),PED(R),14071,27518,17349,14084,27509,17361,0.991,0.963555
neuron2,0.957,425790257,gaba,0.9933979511260986,gaba,425790257,5813053935,gL(R),gL(R),23376,30898,18284,23383,30895,18264,0.957,0.970885
neuron2,0.997,425790257,gaba,0.9990745782852173,gaba,425790257,662763904,gL(R),gL(R),12803,30384,18578,12821,30389,18586,0.997,0.980866
neuron2,0.991,425790257,gaba,0.985687792301178,gaba,425790257,540730657,gL(R),gL(R),23699,33209,19378,23709,33186,19387,0.991,0.955449
neuron2,0.994,425790257,gaba,0.5359761714935303,gaba,425790257,661407917,b'L(R),b'L(R),15251,31578,17106,15266,31566,17097,0.994,0.992984
neuron2,0.985,425790257,gaba,0.8962417840957642,gaba,425790257,5813078323,b'L(R),b'L(R),18738,31736,17950,18728,31726,17936,0.985,0.952091
neuron2,0.984,425790257,gaba,0.9089421629905701,gaba,425790257,508918609,b'L(R),b'L(R),21981,27488,18906,21967,27493,18917,0.984,0.972278
neuron3,0.986,5813075020,gaba,0.9973886609077454,gaba,5813075020,5813054085,CA(R),CA(R),13902,12793,13095,13922,12808,13105,0.986,0.969915
neuron3,0.952,5813075020,gaba,0.991338849067688,gaba,5813075020,5813021856,CA(R),CA(R),12277,13788,10085,12283,13781,10062,0.952,0.990808
neuron3,0.972,5813075020,gaba,0.9370654225349426,gaba,5813075020,415848195,CA(R),CA(R),13343,15248,10041,13350,15272,10032,0.972,0.960808
neuron3,0.971,5813075020,gaba,0.9913722276687622,gaba,5813075020,517510393,CA(R),CA(R),15736,13754,10879,15737,13753,10901,0.971,0.961364
neuron3,0.966,5813075020,gaba,0.90433669090271,gaba,5813075020,1204443547,CA(R),CA(R),14117,12153,11935,14105,12150,11953,0.966,0.975727
neuron3,0.996,5813075020,gaba,0.998508870601654,gaba,5813075020,5812982589,CA(R),CA(R),13536,14448,11991,13543,14429,12003,0.996,0.993122
neuron3,0.988,5813075020,gaba,0.9704660773277283,gaba,5813075020,5813021380,CA(R),CA(R),11553,15069,11271,11563,15046,11278,0.988,0.950851
neuron3,0.996,5813075020,gaba,0.998508870601654,gaba,5813075020,5813022207,CA(R),CA(R),13536,14448,11991,13535,14432,11972,0.996,0.979398
neuron3,0.967,5813075020,gaba,0.7859277129173279,gaba,5813075020,5812983042,CA(R),CA(R),16835,13864,12452,16825,13847,12460,0.967,0.956301
neuron3,0.992,5813075020,gaba,0.6496955752372742,gaba,5813075020,1141342299,CA(R),CA(R),16529,14801,10226,16532,14791,10209,0.992,0.953404
neuron3,0.974,5813075020,gaba,0.9995782971382141,gaba,5813075020,509013752,CA(R),CA(R),16711,13458,10536,16698,13479,10540,0.974,0.977654
neuron3,0.979,5813075020,gaba,0.9981202483177185,gaba,5813075020,1129323248,CA(R),CA(R),16796,14463,10573,16785,14480,10586,0.979,0.966556
neuron3,0.979,5813075020,gaba,0.9966335892677307,gaba,5813075020,5813020132,CA(R),CA(R),12953,14524,12769,12933,14530,12750,0.979,0.99427
neuron3,0.99,5813075020,gaba,0.9876748323440552,gaba,5813075020,1068954391,CA(R),CA(R),15645,14688,11702,15624,14701,11703,0.99,0.966422
neuron3,0.966,5813075020,gaba,0.9953195452690125,gaba,5813075020,540730657,CA(R),CA(R),17046,13928,11027,17029,13928,11006,0.966,0.963346
neuron4,0.989,610274029,gaba,0.9548201560974121,gaba,610274029,549219101,SIP(R),SIP(R),17157,29967,12144,17164,29970,12153,0.989,0.988714
neuron4,0.995,610274029,gaba,0.9313615560531616,gaba,610274029,423748579,SIP(R),SIP(R),14772,27607,9589,14784,27600,9613,0.995,0.956387
neuron4,0.998,610274029,gaba,0.968539297580719,gaba,610274029,423748579,SIP(R),SIP(R),15549,24998,9379,15566,24995,9386,0.998,0.985434
neuron4,0.993,610274029,gaba,0.9564512372016907,gaba,610274029,1316245799,LH(R),LH(R),7069,18229,16154,7048,18214,16154,0.993,0.991972
neuron4,0.995,610274029,gaba,0.7757474184036255,gaba,610274029,328861282,SIP(R),SIP(R),14893,27053,9761,14910,27059,9773,0.995,0.952143
neuron4,0.994,610274029,gaba,0.9673887491226196,gaba,610274029,327499164,SIP(R),SIP(R),17008,29547,11983,16995,29534,11989,0.994,0.963578
neuron4,0.994,610274029,gaba,0.9995076656341553,gaba,610274029,549219101,SIP(R),SIP(R),15415,23905,10056,15405,23911,10075,0.994,0.975275
neuron4,0.996,610274029,gaba,0.8882356882095337,gaba,610274029,511271574,SIP(R),SIP(R),16490,26694,10548,16485,26688,10567,0.996,0.977501
neuron4,0.99,610274029,gaba,0.9985793828964233,gaba,610274029,423748579,SIP(R),SIP(R),15011,23747,11558,15021,23729,11558,0.99,0.982845
neuron4,0.994,610274029,gaba,0.9976993203163147,gaba,610274029,511271574,SIP(R),SIP(R),16123,26420,10678,16142,26406,10685,0.994,0.966185
neuron4,0.993,610274029,gaba,0.9949771761894226,gaba,610274029,703033179,LH(R),LH(R),6681,19180,16929,6679,19170,16916,0.993,0.992977
neuron4,0.994,610274029,gaba,0.9059725403785706,gaba,610274029,673366098,SIP(R),SIP(R),14759,27557,9614,14759,27548,9594,0.994,0.981137
neuron4,0.998,610274029,gaba,0.8659356832504272,gaba,610274029,5813057216,LH(R),LH(R),6728,20764,16544,6718,20764,16558,0.998,0.956846
neuron4,0.995,610274029,gaba,0.9945082068443298,gaba,610274029,579596940,SIP(R),SIP(R),14477,25633,9743,14463,25620,9729,0.995,0.970384
neuron4,0.994,610274029,gaba,0.9810895323753357,gaba,610274029,1172372655,SMP(R),SMP(R),18199,29415,11095,18180,29404,11105,0.994,0.977544
neuron5,0.978,887105351,gaba,0.8846166133880615,gaba,887105351,886820993,AVLP(R),AVLP(R),6120,22030,18513,6120,22025,18494,0.978,0.951634
neuron5,0.996,887105351,gaba,0.657289981842041,gaba,887105351,5813047407,LH(R),LH(R),6473,21531,14839,6488,21515,14839,0.996,0.968469
neuron5,0.978,887105351,gaba,0.9677931070327759,gaba,887105351,636102761,LH(R),LH(R),5925,22962,12978,5927,22959,12990,0.978,0.952756
neuron5,0.973,887105351,gaba,0.9938431978225708,gaba,887105351,671574812,LH(R),LH(R),6265,21662,17168,6268,21659,17149,0.973,0.990632
neuron5,0.997,887105351,gaba,0.9711516499519348,gaba,887105351,953755666,SCL(R),SCL(R),9202,21887,13195,9202,21887,13209,0.997,0.979657
neuron5,0.975,887105351,gaba,0.7810390591621399,gaba,887105351,1351644908,LH(R),LH(R),6322,21692,17258,6323,21712,17269,0.975,0.992133
neuron5,0.991,887105351,gaba,0.9996185302734375,gaba,887105351,327933008,SLP(R),SLP(R),5956,23485,13629,5980,23485,13640,0.991,0.960549
neuron5,0.998,887105351,gaba,0.9909490942955017,gaba,887105351,760566169,LH(R),LH(R),5430,19832,17173,5419,19825,17179,0.998,0.972335
neuron5,0.991,887105351,gaba,0.9414441585540771,gaba,887105351,852302504,LH(R),LH(R),5989,20150,16536,6008,20150,16540,0.991,0.979109
neuron5,0.996,887105351,gaba,0.9312732815742493,gaba,887105351,5813014218,LH(R),LH(R),7774,19511,15832,7761,19511,15843,0.996,0.975817
neuron5,0.953,887105351,gaba,0.7374123930931091,gaba,887105351,671574812,AVLP(R),AVLP(R),6334,21800,18250,6335,21815,18264,0.953,0.993031
neuron5,0.992,887105351,gaba,0.9742299318313599,gaba,887105351,823314446,LH(R),LH(R),4104,22957,13557,4091,22943,13553,0.992,0.982351
neuron5,0.993,887105351,gaba,0.9996755123138428,gaba,887105351,1663021115,LH(R),LH(R),5634,21966,15339,5650,21957,15330,0.993,0.99693
neuron5,0.976,887105351,gaba,0.9622873067855835,gaba,887105351,5813041247,LH(R),LH(R),4739,18854,16930,4739,18848,16950,0.976,0.976505
neuron5,0.99,887105351,gaba,0.9034233093261719,gaba,887105351,942677658,AVLP(R),AVLP(R),6265,22213,18893,6271,22220,18874,0.99,0.966783
neuron6,0.982,424767514,gaba,0.9089411497116089,gaba,424767514,1110972158,a'L(R),a'L(R),15143,27615,9576,15129,27597,9575,0.982,0.991855
neuron6,0.977,424767514,gaba,0.9990643858909607,gaba,424767514,425790257,gL(R),gL(R),20296,31963,17600,20318,31957,17599,0.977,0.99993
neuron6,0.979,424767514,gaba,0.6889986395835876,gaba,424767514,5813019513,aL(R),aL(R),15405,29412,11268,15395,29411,11281,0.979,0.97905
neuron6,0.974,424767514,gaba,0.647982120513916,gaba,424767514,456134545,aL(R),aL(R),16657,27576,6288,16649,27593,6283,0.974,0.999887
neuron6,0.985,424767514,gaba,0.6256217360496521,gaba,424767514,5813052909,CRE(L),CRE(L),32654,29329,18339,32665,29342,18338,0.985,0.9705
neuron6,0.997,424767514,gaba,0.991113007068634,gaba,424767514,5813022811,CRE(R),CRE(R),21633,32126,20709,21633,32129,20725,0.997,0.996748
neuron6,0.996,424767514,gaba,0.6026665568351746,gaba,424767514,422738252,SMP(R),SMP(R),20811,32010,14409,20811,32010,14391,0.996,0.956318
neuron6,0.989,424767514,gaba,0.7199310064315796,gaba,424767514,5813058310,CRE(R),CRE(R),20460,31164,14987,20479,31158,14982,0.989,0.992135
neuron6,0.966,424767514,gaba,0.9802917242050171,gaba,424767514,5813022811,CRE(R),CRE(R),19780,31399,16486,19800,31399,16468,0.966,0.971685
neuron6,0.982,424767514,gaba,0.8987614512443542,gaba,424767514,5901193671,CRE(R),CRE(R),22958,30559,15953,22959,30546,15936,0.982,0.998586
neuron6,0.987,424767514,gaba,0.7204508781433105,gaba,424767514,1234386037,aL(R),aL(R),15552,29751,18157,15562,29747,18142,0.987,0.96197
neuron6,0.981,424767514,gaba,0.9989544153213501,gaba,424767514,800286386,CRE(R),CRE(R),20137,30503,16814,20128,30485,16807,0.981,0.997829
neuron6,0.987,424767514,gaba,0.7196946144104004,gaba,424767514,610731053,CRE(R),CRE(R),18343,30901,20245,18351,30893,20263,0.987,0.986816
neuron6,0.967,424767514,gaba,0.9848676323890686,gaba,424767514,673776769,gL(R),gL(R),23213,33821,19680,23203,33807,19667,0.967,0.98679
neuron6,0.991,424767514,gaba,0.8776992559432983,gaba,424767514,733036127,aL(R),aL(R),15655,30079,13911,15676,30083,13911,0.991,0.954856
neuron7,0.998,637121971,gaba,0.9282014966011047,gaba,637121971,5813056984,SLP(R),SLP(R),4383,23777,10911,4390,23787,10928,0.998,0.988629
neuron7,0.981,637121971,gaba,0.9528675079345703,gaba,637121971,693483018,LH(R),LH(R),3200,19460,14038,3192,19460,14017,0.981,0.966659
neuron7,0.998,637121971,gaba,0.99988853931427,gaba,637121971,730537677,LH(R),LH(R),4738,21643,14901,4750,21632,14898,0.998,0.963993
neuron7,0.953,637121971,gaba,0.8969067335128784,gaba,637121971,5813024601,LH(R),LH(R),3559,21918,12442,3544,21930,12440,0.953,0.97619
neuron7,0.993,637121971,gaba,0.9656414985656738,gaba,637121971,851684210,LH(R),LH(R),4419,22299,14612,4430,22318,14613,0.993,0.950189
neuron7,0.998,637121971,gaba,0.8424364328384399,gaba,637121971,851684210,LH(R),LH(R),4978,21391,17156,4969,21403,17148,0.998,0.999645
neuron7,0.997,637121971,gaba,0.9180240035057068,gaba,637121971,760225398,LH(R),LH(R),5569,18043,15371,5576,18052,15347,0.997,0.986666
neuron7,0.996,637121971,gaba,0.9694795608520508,gaba,637121971,5812980863,LH(R),LH(R),4377,18097,13172,4370,18085,13184,0.996,0.954086
neuron7,0.977,637121971,gaba,0.9719993472099304,gaba,637121971,581652283,SLP(R),SLP(R),6600,21973,9563,6622,21975,9565,0.977,0.980567
neuron7,0.992,637121971,gaba,0.913702666759491,gaba,637121971,760566169,LH(R),LH(R),5474,17645,15317,5475,17647,15298,0.992,0.953428
neuron7,0.993,637121971,gaba,0.9472814202308655,gaba,637121971,762263004,SLP(R),SLP(R),4346,23918,10778,4330,23928,10772,0.993,0.951048
neuron7,0.982,637121971,gaba,0.9409240484237671,gaba,637121971,634712940,LH(R),LH(R),3827,18249,13210,3836,18227,13204,0.982,0.955937
neuron7,0.984,637121971,gaba,0.9573265314102173,gaba,637121971,575384259,LH(R),LH(R),4943,21584,13008,4938,21573,12986,0.984,0.99858
neuron7,0.992,637121971,gaba,0.9580585956573486,gaba,637121971,917450071,LH(R),LH(R),5061,19218,15738,5048,19215,15722,0.992,0.962339
neuron7,0.963,637121971,gaba,0.9999997615814209,gaba,637121971,1070950293,LH(R),LH(R),4858,18425,16610,4840,18432,16599,0.963,0.998192
neuron8,0.98,517518166,gaba,0.9505638480186462,gaba,517518166,296139882,SMP(R),SMP(R),20353,31371,14588,20363,31390,14582,0.98,0.953873
neuron8,0.957,517518166,gaba,0.8842070698738098,gaba,517518166,577040776,CRE(L),CRE(L),33558,30575,20640,33571,30584,20630,0.957,0.994473
neuron8,0.978,517518166,gaba,0.8661790490150452,gaba,517518166,5813058048,SMP(L),SMP(L),30824,29256,14414,30814,29242,14398,0.978,0.965369
neuron8,0.983,517518166,gaba,0.6063417196273804,gaba,517518166,1196854070,PED(R),PED(R),13402,27747,18369,13398,27750,18383,0.983,0.99772
neuron8,0.997,517518166,gaba,0.7966974973678589,gaba,517518166,424767514,PED(R),PED(R),14362,25789,18558,14375,25782,18539,0.997,0.982013
neuron8,0.961,517518166,gaba,0.9876370429992676,gaba,517518166,424789697,bL(R),bL(R),23147,30217,21362,23165,30213,21348,0.961,0.985399
neuron8,0.993,517518166,gaba,0.9364650845527649,gaba,517518166,5813052909,CRE(L),CRE(L),33318,30457,20456,33326,30441,20459,0.993,0.996037
neuron8,0.984,517518166,gaba,0.8000569939613342,gaba,517518166,800286386,CRE(R),CRE(R),17483,31924,16333,17466,31924,16323,0.984,0.980455
neuron8,0.975,517518166,gaba,0.8304169774055481,gaba,517518166,985581093,SMP(L),SMP(L),30656,29627,14838,30646,29614,14830,0.975,0.959256
neuron8,0.966,517518166,gaba,0.5371562242507935,gaba,517518166,1389034086,b'L(L),b'L(L),27918,28750,20152,27904,28745,20165,0.966,0.978491
neuron8,0.983,517518166,gaba,0.8230320811271667,gaba,517518166,5812981543,SIP(R),SIP(R),15431,27398,9868,15426,27385,9888,0.983,0.981728
neuron8,0.96,517518166,gaba,0.9223035573959351,gaba,517518166,548730034,CRE(L),CRE(L),33746,30383,19993,33734,30385,19996,0.96,0.998094
neuron8,0.983,517518166,gaba,0.6285725831985474,gaba,517518166,985580342,CRE(L),CRE(L),30731,29863,15080,30747,29871,15070,0.983,0.998803
neuron8,0.958,517518166,gaba,0.4817308783531189,gaba,517518166,1483515914,bL(L),bL(L),34322,31666,21979,34305,31668,21991,0.958,0.961412
neuron8,0.992,517518166,gaba,0.948340117931366,gaba,517518166,297251714,gL(R),gL(R),21906,30207,16313,21913,30212,16296,0.992,0.998222
neuron9,0.98,5813058137,gaba,0.9342109560966492,gaba,5813058137,392636270,LH(R),LH(R),7610,17348,14734,7629,17354,14740,0.98,0.952037
neuron9,0.993,5813058137,gaba,0.9808322191238403,gaba,5813058137,735772860,SCL(R),SCL(R),9948,20227,13356,9957,20207,13354,0.993,0.978507
neuron9,0.984,5813058137,gaba,0.9824977517127991,gaba,5813058137,729867599,LH(R),LH(R),7266,19530,13994,7255,19540,14000,0.984,0.996852
neuron9,0.981,5813058137,gaba,0.9984776377677917,gaba,5813058137,729867599,LH(R),LH(R),8924,20299,15050,8926,20303,15035,0.981,0.96917
neuron9,0.991,5813058137,gaba,0.7552030086517334,gaba,5813058137,424733177,SLP(R),SLP(R),9420,20936,11823,9427,20957,11816,0.991,0.967563
neuron9,0.983,5813058137,gaba,0.9730728268623352,gaba,5813058137,390953189,LH(R),LH(R),4741,21625,15610,4747,21617,15624,0.983,0.954915
neuron9,0.988,5813058137,gaba,0.9623228907585144,gaba,5813058137,480923210,LH(R),LH(R),7380,19787,14120,7372,19798,14106,0.988,0.981358
neuron9,0.975,5813058137,gaba,0.9335901141166687,gaba,5813058137,946477398,LH(R),LH(R),8677,19809,13316,8663,19785,13318,0.975,0.969034
neuron9,0.986,5813058137,gaba,0.9472602605819702,gaba,5813058137,449568848,SCL(R),SCL(R),9262,17650,13002,9267,17647,12986,0.986,0.977051
neuron9,0.989,5813058137,gaba,0.7095618844032288,gaba,5813058137,421641859,LH(R),LH(R),7570,20159,12819,7558,20168,12816,0.989,0.983273
neuron9,0.99,5813058137,gaba,0.8597884178161621,gaba,5813058137,579916831,LH(R),LH(R),9240,21280,12792,9250,21289,12803,0.99,0.991276
neuron9,0.992,5813058137,gaba,0.9127748608589172,gaba,5813058137,5813099667,LH(R),LH(R),8786,20940,12484,8791,20953,12469,0.992,0.994317
neuron9,0.98,5813058137,gaba,0.7816091179847717,gaba,5813058137,735772860,LH(R),LH(R),6923,17039,15274,6929,17026,15261,0.98,0.99121
neuron9,0.974,5813058137,gaba,0.9192578792572021,gaba,5813058137,759888294,LH(R),LH(R),5902,19543,15044,5897,19534,15056,0.974,0.99408
neuron9,0.991,5813058137,gaba,0.9448065161705017,gaba,5813058137,762961590,LH(R),LH(R),7089,18813,15159,7079,18809,15175,0.991,0.977507
neuron10,0.988,1016835041,gaba,0.6870800256729126,gaba,1016835041,706840303,CRE(R),CRE(R),18214,29905,16017,18225,29919,16007,0.988,0.976197
neuron10,0.977,1016835041,gaba,0.9330819249153137,gaba,1016835041,608922563,CRE(R),CRE(R),19114,30046,14889,19110,30051,14903,0.977,0.986887
neuron10,0.973,1016835041,gaba,0.9024291634559631,gaba,1016835041,670297553,CRE(R),CRE(R),19443,31763,15271,19437,31758,15258,0.973,0.967183
neuron10,0.995,1016835041,gaba,0.6117749810218811,gaba,1016835041,518899665,CRE(R),CRE(R),16481,30272,17623,16475,30284,17641,0.995,0.960888
neuron10,0.962,1016835041,gaba,0.939566969871521,gaba,1016835041,985813153,CRE(L),CRE(L),31026,33542,20347,31010,33548,20358,0.962,0.970831
neuron10,0.986,1016835041,gaba,0.9378215074539185,gaba,1016835041,1422110990,CRE(L),CRE(L),31475,31971,20900,31475,31975,20915,0.986,0.985446
neuron10,0.998,1016835041,gaba,0.9172176718711853,gaba,1016835041,800256481,CRE(R),CRE(R),16709,30282,16959,16717,30284,16973,0.998,0.950095
neuron10,0.96,1016835041,gaba,0.9522645473480225,gaba,1016835041,608922563,CRE(R),CRE(R),18949,30218,14400,18937,30222,14383,0.96,0.979245
neuron10,0.955,1016835041,gaba,0.9517980217933655,gaba,1016835041,612371421,CRE(R),CRE(R),19091,30871,14906,19071,30866,14907,0.955,0.981275
neuron10,0.965,1016835041,gaba,0.7757807970046997,gaba,1016835041,612738462,b'L(R),b'L(R),21463,29575,18794,21465,29572,18816,0.965,0.997381
neuron10,0.968,1016835041,gaba,0.9660499691963196,gaba,1016835041,984449267,CRE(R),CRE(R),16490,30048,18284,16507,30037,18299,0.968,0.973336
neuron10,0.987,1016835041,gaba,0.845110297203064,gaba,1016835041,5813032740,CRE(R),CRE(R),18213,29652,15651,18217,29643,15675,0.987,0.983766
neuron10,0.987,1016835041,gaba,0.845110297203064,gaba,1016835041,796836697,CRE(R),CRE(R),18213,29652,15651,18235,29665,15646,0.987,0.99382
neuron10,0.984,1016835041,gaba,0.9970819354057312,gaba,1016835041,671005363,CRE(R),CRE(R),16734,30416,16783,16739,30441,16773,0.984,0.978392
neuron10,0.951,1016835041,gaba,0.9926803112030029,gaba,1016835041,1079687209,CRE(L),CRE(L),31063,33748,20144,31057,33734,20157,0.951,0.987106
neuron11,0.996,5813032740,gaba,0.9826987981796265,gaba,5813032740,581678043,CRE(R),CRE(R),17628,30040,13367,17634,30025,13380,0.996,0.962512
neuron11,0.986,5813032740,gaba,0.9997488856315613,gaba,5813032740,456833888,CRE(R),CRE(R),19285,30245,15277,19291,30223,15265,0.986,0.976105
neuron11,0.994,5813032740,gaba,0.9876503348350525,gaba,5813032740,510278421,CRE(R),CRE(R),17653,29083,13667,17662,29074,13656,0.994,0.961942
neuron11,0.988,5813032740,gaba,0.9325198531150818,gaba,5813032740,609591891,CRE(R),CRE(R),19953,28530,16068,19942,28522,16055,0.988,0.997285
neuron11,0.983,5813032740,gaba,0.7382045984268188,gaba,5813032740,518899665,PLP(R),PLP(R),7489,18563,19503,7506,18546,19495,0.983,0.971216
neuron11,0.995,5813032740,gaba,0.8198786377906799,gaba,5813032740,510278421,SIP(R),SIP(R),14911,24713,11463,14929,24698,11464,0.995,0.997934
neuron11,0.996,5813032740,gaba,0.9284367561340332,gaba,5813032740,639585968,CRE(R),CRE(R),17772,30229,13290,17782,30247,13293,0.996,0.97839
neuron11,0.992,5813032740,gaba,0.946045458316803,gaba,5813032740,953410147,SMP(R),SMP(R),17918,27820,13330,17908,27841,13334,0.992,0.966394
neuron11,0.994,5813032740,gaba,0.9686402082443237,gaba,5813032740,456833888,SIP(R),SIP(R),15590,24032,10537,15589,24040,10551,0.994,0.967132
neuron11,0.992,5813032740,gaba,0.9216333627700806,gaba,5813032740,640963528,SIP(R),SIP(R),14824,24759,11441,14806,24756,11427,0.992,0.978414
neuron11,0.972,5813032740,gaba,0.9585760235786438,gaba,5813032740,607886496,SIP(R),SIP(R),14802,24904,11423,14779,24910,11423,0.972,0.951482
neuron11,0.989,5813032740,gaba,0.9682077169418335,gaba,5813032740,640963528,SIP(R),SIP(R),17209,27487,12361,17207,27468,12368,0.989,0.995892
neuron11,0.988,5813032740,gaba,0.9325198531150818,gaba,5813032740,640963528,CRE(R),CRE(R),19953,28530,16068,19970,28534,16055,0.988,0.982552
neuron11,0.99,5813032740,gaba,0.9043667316436768,gaba,5813032740,579575594,SIP(R),SIP(R),17164,27517,12331,17156,27548,12319,0.99,0.981063
neuron11,0.993,5813032740,gaba,0.8243252038955688,gaba,5813032740,640963528,CRE(R),CRE(R),19609,30389,15210,19603,30408,15209,0.993,0.985184
neuron12,0.955,610274046,gaba,0.9329046607017517,gaba,610274046,5901227537,CRE(R),CRE(R),19661,28785,14994,19679,28779,15000,0.955,0.971646
neuron12,0.954,610274046,gaba,0.9732422828674316,gaba,610274046,725701350,SMP(R),SMP(R),19373,31006,14148,19373,30993,14162,0.954,0.974764
neuron12,0.991,610274046,gaba,0.9962900876998901,gaba,610274046,328861282,SIP(R),SIP(R),15297,26583,9534,15285,26579,9554,0.991,0.973109
neuron12,0.993,610274046,gaba,0.8425577878952026,gaba,610274046,607898830,SIP(R),SIP(R),17202,30054,11947,17218,30056,11961,0.993,0.9599
neuron12,0.993,610274046,gaba,0.9580278992652893,gaba,610274046,486812022,SIP(R),SIP(R),14935,27603,10119,14951,27618,10121,0.993,0.9784
neuron12,0.991,610274046,gaba,0.99710613489151,gaba,610274046,516504076,SIP(R),SIP(R),14890,27585,10045,14903,27592,10037,0.991,0.97064
neuron12,0.972,610274046,gaba,0.9865139126777649,gaba,610274046,1036503560,LH(R),LH(R),6803,19185,17019,6794,19193,17003,0.972,0.994387
neuron12,0.993,610274046,gaba,0.9580278992652893,gaba,610274046,457196643,SIP(R),SIP(R),14935,27603,10119,14939,27623,10109,0.993,0.9955
neuron12,0.992,610274046,gaba,0.9983187913894653,gaba,610274046,511271574,SMP(R),SMP(R),18254,28908,12444,18249,28925,12432,0.992,0.966153
neuron12,0.993,610274046,gaba,0.9657791256904602,gaba,610274046,511271574,SIP(R),SIP(R),15858,26339,10687,15848,26337,10698,0.993,0.998781
neuron12,0.993,610274046,gaba,0.987572431564331,gaba,610274046,640630552,SIP(R),SIP(R),15506,25558,9194,15527,25545,9185,0.993,0.984603
neuron12,0.997,610274046,gaba,0.8184874057769775,gaba,610274046,1663021115,LH(R),LH(R),6594,20893,16518,6605,20904,16502,0.997,0.995284
neuron12,0.994,610274046,gaba,0.684546709060669,gaba,610274046,457196643,SIP(R),SIP(R),15379,26749,9742,15371,26763,9739,0.994,0.975374
neuron12,0.993,610274046,gaba,0.9923970103263855,gaba,610274046,328861282,SIP(R),SIP(R),14572,26809,9841,14558,26810,9820,0.993,0.950344
neuron12,0.988,610274046,gaba,0.8100941777229309,gaba,610274046,511271574,SIP(R),SIP(R),15952,26400,10743,15930,26404,10738,0.988,0.99599
neuron13,0.989,1048215779,gaba,0.9702919721603394,gaba,1048215779,579235017,CRE(R),CRE(R),16847,30498,16693,16850,30492,16712,0.989,0.959437
neuron13,0.983,1048215779,gaba,0.9723213315010071,gaba,1048215779,604709727,CRE(R),CRE(R),19060,31311,15119,19076,31304,15108,0.983,0.968151
neuron13,0.989,1048215779,gaba,0.9809677004814148,gaba,1048215779,608922563,CRE(R),CRE(R),17068,30315,17956,17087,30310,17955,0.989,0.981435
neuron13,0.968,1048215779,gaba,0.7261173129081726,gaba,1048215779,985131499,CRE(R),CRE(R),17966,31474,16461,17975,31480,16473,0.968,0.999548
neuron13,0.995,1048215779,gaba,0.9028962850570679,gaba,1048215779,5813094619,CRE(R),CRE(R),17742,30923,16783,17719,30927,16788,0.995,0.996646
neuron13,0.99,1048215779,gaba,0.5181418657302856,gaba,1048215779,5813104761,CRE(L),CRE(L),31900,32032,21082,31898,32019,21064,0.99,0.97405
neuron13,0.968,1048215779,gaba,0.9997288584709167,gaba,1048215779,387568523,CRE(R),CRE(R),19376,31161,15016,19389,31152,15003,0.968,0.998104
neuron13,0.96,1048215779,gaba,0.9807252287864685,gaba,1048215779,355086967,CRE(R),CRE(R),19403,31145,15047,19416,31134,15044,0.96,0.995687
neuron13,0.99,1048215779,gaba,0.9340769648551941,gaba,1048215779,355086967,CRE(R),CRE(R),18915,31896,15668,18909,31882,15655,0.99,0.988326
neuron13,0.968,1048215779,gaba,0.9997288584709167,gaba,1048215779,393404592,CRE(R),CRE(R),19376,31161,15016,19399,31167,15014,0.968,0.960538
neuron13,0.991,1048215779,gaba,0.7924328446388245,gaba,1048215779,672861972,CRE(L),CRE(L),32424,32265,16176,32422,32248,16152,0.991,0.98167
neuron13,0.987,1048215779,gaba,0.967972457408905,gaba,1048215779,5813055800,CRE(R),CRE(R),19421,31035,15122,19425,31030,15137,0.987,0.997088
neuron13,0.997,1048215779,gaba,0.898436963558197,gaba,1048215779,829598814,CRE(R),CRE(R),17377,30263,17366,17381,30276,17378,0.997,0.975871
neuron13,0.972,1048215779,gaba,0.860984206199646,gaba,1048215779,579235017,CRE(R),CRE(R),18961,31894,15609,18952,31878,15597,0.972,0.982531
neuron13,0.958,1048215779,gaba,0.9954641461372375,gaba,1048215779,612371421,CRE(R),CRE(R),19385,30959,15043,19385,30946,15029,0.958,0.995771
neuron14,0.959,856071065,gaba,0.9963387250900269,gaba,856071065,852302504,LH(R),LH(R),6161,21395,17404,6168,21383,17425,0.959,0.962684
neuron14,0.992,856071065,gaba,0.9652479290962219,gaba,856071065,636102761,LH(R),LH(R),5914,23098,12937,5929,23079,12938,0.992,0.986759
neuron14,0.968,856071065,gaba,0.9011401534080505,gaba,856071065,572988717,LH(R),LH(R),4195,22055,14863,4180,22051,14878,0.968,0.959387
neuron14,0.994,856071065,gaba,0.9219979047775269,gaba,856071065,851961337,LH(R),LH(R),5615,21632,16911,5639,21626,16918,0.994,0.981459
neuron14,0.993,856071065,gaba,0.9563118815422058,gaba,856071065,887165687,LH(R),LH(R),6344,18390,15545,6331,18407,15555,0.993,0.975937
neuron14,0.983,856071065,gaba,0.970403790473938,gaba,856071065,853717974,LH(R),LH(R),5711,21255,16482,5707,21244,16500,0.983,0.971483
neuron14,0.984,856071065,gaba,0.9628527164459229,gaba,856071065,1663021115,AVLP(R),AVLP(R),6287,21934,18063,6302,21952,18055,0.984,0.998366
neuron14,0.961,856071065,gaba,0.6210054159164429,gaba,856071065,887165687,LH(R),LH(R),5669,21389,16306,5683,21400,16312,0.961,0.996375
neuron14,0.968,856071065,gaba,0.9602490663528442,gaba,856071065,851309562,SLP(R),SLP(R),5130,23729,12966,5119,23735,12954,0.968,0.990126
neuron14,0.996,856071065,gaba,0.8873549103736877,gaba,856071065,327933008,LH(R),LH(R),5874,22622,13468,5864,22612,13487,0.996,0.975336
neuron14,0.992,856071065,gaba,0.5554529428482056,gaba,856071065,2030342003,LH(R),LH(R),5669,21084,16442,5650,21074,16444,0.992,0.990531
neuron14,0.995,856071065,gaba,0.9916614294052124,gaba,856071065,790918133,LH(R),LH(R),5917,21599,17223,5900,21572,17213,0.995,0.959384
neuron14,0.991,856071065,gaba,0.542028546333313,gaba,856071065,1074493547,LH(R),LH(R),6212,21575,17436,6234,21585,17441,0.991,0.975449
neuron14,0.985,856071065,gaba,0.9531341791152954,gaba,856071065,5813014218,LH(R),LH(R),5544,19518,17139,5557,19520,17147,0.985,0.982277
neuron14,0.972,856071065,gaba,0.9189532995223999,gaba,856071065,886820993,LH(R),LH(R),7534,19237,15955,7545,19219,15951,0.972,0.989841
neuron15,0.996,733316908,gaba,0.790224015712738,gaba,733316908,886812643,AL(R),AL(R),15096,35320,25102,15109,35343,25083,0.996,0.958822
neuron15,0.98,733316908,gaba,0.9741223454475403,gaba,733316908,676138357,LH(R),LH(R),6597,21677,14944,6594,21671,14962,0.98,0.968055
neuron15,0.988,733316908,gaba,0.8302704691886902,gaba,733316908,821617263,LH(R),LH(R),8246,21551,13877,8240,21560,13875,0.988,0.989993
neuron15,0.993,733316908,gaba,0.7334825396537781,gaba,733316908,676479217,SLP(R),SLP(R),5715,23863,13853,5688,23868,13853,0.993,0.970901
neuron15,0.996,733316908,gaba,0.9672602415084839,gaba,733316908,666136034,LH(R),LH(R),6621,22082,16542,6628,22102,16549,0.996,0.969319
neuron15,0.996,733316908,gaba,0.878584623336792,gaba,733316908,361959852,SLP(R),SLP(R),7614,24270,11421,7632,24254,11417,0.996,0.95935
neuron15,0.995,733316908,gaba,0.9765201807022095,gaba,733316908,762274975,SLP(R),SLP(R),5773,24163,12935,5783,24142,12941,0.995,0.976243
neuron15,0.993,733316908,gaba,0.691497802734375,gaba,733316908,886812643,AL(R),AL(R),15407,34264,25151,15386,34259,25153,0.993,0.959629
neuron15,0.992,733316908,gaba,0.9852443933486938,gaba,733316908,722817260,AL(R),AL(R),15486,34865,25240,15497,34876,25214,0.992,0.990643
neuron15,0.969,733316908,gaba,0.9471038579940796,gaba,733316908,821617263,LH(R),LH(R),8269,20739,13936,8257,20751,13921,0.969,0.976758
neuron15,0.999,733316908,gaba,0.9274779558181763,gaba,733316908,329258532,LH(R),LH(R),5617,22271,14837,5615,22285,14848,0.999,0.995704
neuron15,0.995,733316908,gaba,0.9961916208267212,gaba,733316908,821621397,AVLP(R),AVLP(R),6940,22471,15414,6952,22456,15415,0.995,0.967585
neuron15,0.988,733316908,gaba,0.9986529350280762,gaba,733316908,821621397,SCL(R),SCL(R),9006,22217,13408,8995,22224,13420,0.988,0.987099
neuron15,0.962,733316908,gaba,0.9678556323051453,gaba,733316908,788629947,AVLP(R),AVLP(R),6807,22486,15536,6787,22506,15541,0.962,0.951401
neuron15,0.998,733316908,gaba,0.9998761415481567,gaba,733316908,5813011119,LH(R),LH(R),6612,22001,16548,6619,21983,16521,0.998,0.994464
neuron16,0.981,5813021291,gaba,0.9537128210067749,gaba,5813021291,5813056120,CA(R),CA(R),15387,13317,13308,15406,13314,13313,0.981,0.988316
neuron16,0.953,5813021291,gaba,0.8022159934043884,gaba,5813021291,1142706421,CA(R),CA(R),11810,12822,10445,11830,12834,10437,0.953,0.990429
neuron16,0.984,5813021291,gaba,0.8628093004226685,gaba,5813021291,632402333,CA(R),CA(R),14238,14400,9854,14241,14397,9878,0.984,0.98811
neuron16,0.995,5813021291,gaba,0.9981366395950317,gaba,5813021291,632069757,CA(R),CA(R),12138,15577,10426,12135,15573,10444,0.995,0.991489
neuron16,0.958,5813021291,gaba,0.9852430820465088,gaba,5813021291,5813058069,CA(R),CA(R),13853,11848,11226,13842,11839,11245,0.958,0.978581
neuron16,0.983,5813021291,gaba,0.9857124090194702,gaba,5813021291,601712754,CA(R),CA(R),12593,14391,11603,12611,14376,11599,0.983,0.968045
neuron16,0.994,5813021291,gaba,0.9531816840171814,gaba,5813021291,5813062565,CA(R),CA(R),14191,14563,14529,14214,14575,14530,0.994,0.979585
neuron16,0.966,5813021291,gaba,0.9908816814422607,gaba,5813021291,447224575,CA(R),CA(R),12177,14395,10041,12191,14382,10028,0.966,0.959287
neuron16,0.989,5813021291,gaba,0.9795581698417664,gaba,5813021291,5813022133,CA(R),CA(R),12191,14479,12881,12198,14499,12876,0.989,0.952055
neuron16,0.984,5813021291,gaba,0.34711456298828125,gaba,5813021291,5812983330,CA(R),CA(R),15810,14410,13626,15832,14411,13635,0.984,0.968244
neuron16,0.976,5813021291,gaba,0.9998881816864014,gaba,5813021291,5813057210,CA(R),CA(R),14164,13425,12840,14163,13447,12837,0.976,0.950741
neuron16,0.957,5813021291,gaba,0.5215728282928467,gaba,5813021291,5812980624,CA(R),CA(R),13833,13115,11144,13828,13101,11132,0.957,0.951339
neuron16,0.958,5813021291,gaba,0.9976475834846497,gaba,5813021291,332689776,CA(R),CA(R),14897,11725,14423,14899,11713,14441,0.958,0.980881
neuron16,0.994,5813021291,gaba,0.9959854483604431,gaba,5813021291,1233703950,CA(R),CA(R),14454,13540,9540,14446,13530,9552,0.994,0.978221
neuron16,0.987,5813021291,gaba,0.9993801116943359,gaba,5813021291,631400598,CA(R),CA(R),14218,13325,11899,14213,13306,11915,0.987,0.966371
neuron17,0.993,574688051,gaba,0.9656478762626648,gaba,574688051,5813056596,CA(R),CA(R),15152,14846,11764,15170,14857,11755,0.993,0.998289
neuron17,0.967,574688051,gaba,0.9988645315170288,gaba,574688051,5812982761,CA(R),CA(R),12105,13271,13148,12087,13270,13151,0.967,0.979499
neuron17,0.998,574688051,gaba,0.94610595703125,gaba,574688051,5813129453,LH(R),LH(R),6940,18845,13320,6931,18834,13330,0.998,0.992379
neuron17,0.98,574688051,gaba,0.764513373374939,gaba,574688051,483354202,SLP(R),SLP(R),7660,24768,9366,7660,24770,9336,0.98,0.950278
neuron17,0.995,574688051,gaba,0.8636651635169983,gaba,574688051,575418068,LH(R),LH(R),4188,23836,12089,4204,23824,12088,0.995,0.998913
neuron17,0.99,574688051,gaba,0.9334545731544495,gaba,574688051,5901196176,LH(R),LH(R),4036,21906,15532,4019,21911,15518,0.99,0.957574
neuron17,0.97,574688051,gaba,0.9114962816238403,gaba,574688051,609591758,SLP(R),SLP(R),14331,24660,9702,14327,24679,9688,0.97,0.951294
neuron17,0.981,574688051,gaba,0.9296666383743286,gaba,574688051,517699705,SLP(R),SLP(R),13804,24212,10137,13797,24190,10144,0.981,0.971077
neuron17,0.983,574688051,gaba,0.7868903279304504,gaba,574688051,424716408,LH(R),LH(R),2336,21023,11301,2345,21036,11289,0.983,0.998759
neuron17,0.967,574688051,gaba,0.8300560712814331,gaba,574688051,881005404,SCL(R),SCL(R),15127,15960,13044,15126,15976,13048,0.967,0.9528
neuron17,0.991,574688051,gaba,0.9291046261787415,gaba,574688051,635062078,CA(R),CA(R),11917,15634,11936,11933,15634,11949,0.991,0.952316
neuron17,0.997,574688051,gaba,0.9983661770820618,gaba,574688051,578893446,SIP(R),SIP(R),14421,24583,9778,14441,24561,9760,0.997,0.994341
neuron17,0.97,574688051,gaba,0.9546157717704773,gaba,574688051,457516218,LH(R),LH(R),7072,21723,12285,7063,21747,12299,0.97,0.970899
neuron17,0.992,574688051,gaba,0.963054358959198,gaba,574688051,360578625,LH(R),LH(R),3017,18205,9700,3018,18222,9681,0.992,0.980345
neuron17,0.997,574688051,gaba,0.9807689189910889,gaba,574688051,5812983851,CA(R),CA(R),17346,13637,13967,17323,13660,13961,0.997,0.981813
neuron18,0.998,757556799,gaba,0.9828055500984192,gaba,757556799,883338122,LH(R),LH(R),4558,17139,16070,4564,17133,16057,0.998,0.957993
neuron18,0.995,757556799,gaba,0.9523820877075195,gaba,757556799,541373868,SCL(R),SCL(R),8861,15720,13436,8839,15713,13428,0.995,0.991683
neuron18,0.994,757556799,gaba,0.9548872113227844,gaba,757556799,479290982,SLP(R),SLP(R),8695,15042,12185,8715,15032,12181,0.994,0.962374
neuron18,0.952,757556799,gaba,0.9200455546379089,gaba,757556799,883338122,PLP(R),PLP(R),5063,20027,18033,5086,20031,18026,0.952,0.966131
neuron18,0.994,757556799,gaba,0.9344578981399536,gaba,757556799,455746581,LH(R),LH(R),6886,16885,14347,6877,16894,14356,0.994,0.96887
neuron18,0.997,757556799,gaba,0.9516856074333191,gaba,757556799,5813016450,LH(R),LH(R),4660,17538,16213,4660,17523,16205,0.997,0.98567
neuron18,0.994,757556799,gaba,0.9029488563537598,gaba,757556799,511685955,PLP(R),PLP(R),6784,16001,14563,6773,15994,14577,0.994,0.983567
neuron18,0.971,757556799,gaba,0.7185710668563843,gaba,757556799,757215581,LH(R),LH(R),7295,16976,15388,7295,16972,15368,0.971,0.973388
neuron18,0.987,757556799,gaba,0.9699869155883789,gaba,757556799,1912789965,LH(R),LH(R),5445,18037,16949,5411,18071,16936,0.987,0.977374
neuron18,0.959,757556799,gaba,0.8894649744033813,gaba,757556799,974788614,LH(R),LH(R),8362,17904,15506,8365,17904,15481,0.959,0.996165
neuron18,0.987,757556799,gaba,0.9959905743598938,gaba,757556799,575768294,PLP(R),PLP(R),8584,18734,16829,8578,18734,16809,0.987,0.964725
neuron18,0.99,757556799,gaba,0.9786457419395447,gaba,757556799,883338122,LH(R),LH(R),3599,17970,13567,3600,17978,13547,0.99,0.97296
neuron18,0.996,757556799,gaba,0.9583898186683655,gaba,757556799,5813016450,LH(R),LH(R),7332,19920,16456,7312,19925,16470,0.996,0.98233
neuron18,0.994,757556799,gaba,0.9373020529747009,gaba,757556799,1068912795,LH(R),LH(R),6917,16988,14341,6933,16986,14349,0.994,0.990321
neuron18,0.994,757556799,gaba,0.9894741177558899,gaba,757556799,5813020002,LH(R),LH(R),5948,17979,15716,5951,17965,15706,0.994,0.997267
neuron19,0.987,634759240,gaba,0.9346901774406433,gaba,634759240,325814461,SLP(R),SLP(R),11766,16034,10863,11776,16028,10850,0.987,0.988489
neuron19,0.954,634759240,gaba,0.9153907895088196,gaba,634759240,543718301,SCL(R),SCL(R),10270,20171,15892,10254,20171,15883,0.954,0.992162
neuron19,0.969,634759240,gaba,0.9368646144866943,gaba,634759240,417550216,SCL(R),SCL(R),10048,19865,15570,10054,19844,15575,0.969,0.954645
neuron19,0.994,634759240,gaba,0.8286321759223938,gaba,634759240,699178922,LH(R),LH(R),8059,20313,13792,8065,20330,13797,0.994,0.993352
neuron19,0.985,634759240,gaba,0.9858259558677673,gaba,634759240,667184255,SCL(R),SCL(R),9943,19856,15713,9934,19848,15724,0.985,0.959646
neuron19,0.997,634759240,gaba,0.8704150915145874,gaba,634759240,634090169,LH(R),LH(R),9216,19061,12038,9212,19075,12048,0.997,0.989933
neuron19,0.995,634759240,gaba,0.9543361663818359,gaba,634759240,544361987,AVLP(R),AVLP(R),8616,23558,15578,8619,23576,15577,0.995,0.970267
neuron19,0.998,634759240,gaba,0.9956687688827515,gaba,634759240,1070984345,SCL(R),SCL(R),11113,20559,15263,11099,20551,15289,0.998,0.961442
neuron19,0.993,634759240,gaba,0.974220335483551,gaba,634759240,667184255,SLP(R),SLP(R),11443,16584,10872,11423,16587,10875,0.993,0.965406
neuron19,0.986,634759240,gaba,0.9994344115257263,gaba,634759240,1040030798,PLP(R),PLP(R),11994,19970,16992,11998,19979,17016,0.986,0.979904
neuron19,0.994,634759240,gaba,0.9984161853790283,gaba,634759240,544361987,SLP(R),SLP(R),8805,18956,10062,8802,18974,10057,0.994,0.966441
neuron19,0.994,634759240,gaba,0.9281571507453918,gaba,634759240,543010474,SCL(R),SCL(R),11366,19674,13728,11385,19660,13717,0.994,0.997802
neuron19,0.992,634759240,gaba,0.9867942929267883,gaba,634759240,544361987,LH(R),LH(R),8735,18571,13510,8735,18572,13490,0.992,0.986723
neuron19,0.958,634759240,gaba,0.774571418762207,gaba,634759240,784541732,CA(R),CA(R),14108,14995,13970,14089,14982,13988,0.958,0.996662
neuron19,0.983,634759240,gaba,0.9624845385551453,gaba,634759240,760268555,SLP(R),SLP(R),9158,19967,10632,9153,19970,10618,0.983,0.985811
neuron20,0.991,1078693835,gaba,0.9526340961456299,gaba,1078693835,1070651567,gL(R),gL(R),21141,33766,20094,21154,33758,20113,0.991,0.973783
neuron20,0.975,1078693835,gaba,0.9798041582107544,gaba,1078693835,733458828,CRE(R),CRE(R),20489,33514,20439,20471,33515,20450,0.975,0.992309
neuron20,0.958,1078693835,gaba,0.9645317792892456,gaba,1078693835,5813042659,CRE(L),CRE(L),32021,30054,16671,32021,30042,16658,0.958,0.984504
neuron20,0.988,1078693835,gaba,0.9733864068984985,gaba,1078693835,5813012492,CRE(L),CRE(L),32852,30127,16668,32851,30123,16651,0.988,0.953694
neuron20,0.975,1078693835,gaba,0.9263498187065125,gaba,1078693835,581336531,CRE(R),CRE(R),20476,33885,20257,20476,33867,20262,0.975,0.987708
neuron20,0.98,1078693835,gaba,0.9450793862342834,gaba,1078693835,613044611,CRE(R),gL(R),20779,32621,20452,20801,32613,20438,0.98,0.96778
neuron20,0.965,1078693835,gaba,0.8525572419166565,gaba,1078693835,985472994,CRE(L),CRE(L),32069,29475,16479,32050,29472,16469,0.965,0.972974
neuron20,0.978,1078693835,gaba,0.8749533891677856,gaba,1078693835,487925037,CRE(L),CRE(L),31834,29126,16109,31828,29126,16121,0.978,0.964363
neuron20,0.986,1078693835,gaba,0.9547219276428223,gaba,1078693835,422725634,CRE(R),CRE(R),20597,33067,20540,20601,33042,20542,0.986,0.982169
neuron20,0.974,1078693835,gaba,0.6703420877456665,gaba,1078693835,487144598,gL(R),gL(R),19282,33652,16418,19291,33633,16409,0.974,0.980768
neuron20,0.968,1078693835,gaba,0.9683598279953003,gaba,1078693835,5813042659,CRE(L),CRE(L),33247,30313,16927,33248,30296,16926,0.968,0.992261
neuron20,0.981,1078693835,gaba,0.9786553382873535,gaba,1078693835,985131499,CRE(L),CRE(L),31831,28773,15847,31831,28773,15833,0.981,0.994035
neuron20,0.987,1078693835,gaba,0.9604505896568298,gaba,1078693835,766276454,CRE(L),CRE(L),32668,30783,16042,32657,30766,16053,0.987,0.962581
neuron20,0.993,1078693835,gaba,0.9721907377243042,gaba,1078693835,5813012492,CRE(L),CRE(L),32655,30517,16153,32646,30503,16158,0.993,0.998705
neuron20,0.969,1078693835,gaba,0.9646902680397034,gaba,1078693835,799279899,CRE(R),CRE(R),20279,33174,20579,20270,33182,20585,0.969,0.992992
