gt_neurotransmitter,max_nt_value,conf,body,bodyId_pre,bodyId_post,bbox_xmin,bbox_xmax,bbox_ymin,bbox_ymax,bbox_zmin,bbox_zmax,x_pre,y_pre,z_pre,x_post,y_post,z_post,any_out_of_range
serotonin,0.9937525391578674,0.972,851459972,851459972,294792311,14450.5,14480.5,21774.5,21804.5,4631.0,4661.0,14460,21790,4642,14471,21789,4650,False
serotonin,0.9999954700469972,0.963,759810119,759810119,327738661,34112.0,34142.0,22327.0,22357.0,4892.5,4922.5,34128,22335,4911,34126,22349,4904,False
serotonin,0.9949435591697692,0.984,297230760,297230760,550651224,14311.5,14341.5,26476.0,26506.0,5172.5,5202.5,14324,26483,5183,14329,26499,5192,False
serotonin,0.9949435591697692,0.984,297230760,297230760,266195616,14312.0,14342.0,26473.5,26503.5,5161.0,5191.0,14324,26483,5183,14330,26494,5169,False
serotonin,0.999805510044098,0.99,851459972,851459972,5813002616,33472.0,33502.0,22534.5,22564.5,6046.0,6076.0,33491,22547,6065,33483,22552,6057,False
serotonin,0.9969526529312134,0.977,759810119,759810119,325472654,8049.0,8079.0,20082.0,20112.0,6315.0,6345.0,8060,20093,6332,8068,20101,6328,False
serotonin,0.998985230922699,0.989,759810119,759810119,948346463,33844.5,33874.5,22751.5,22781.5,6529.0,6559.0,33859,22765,6551,33860,22768,6537,False
serotonin,0.9996541738510132,0.988,851459972,851459972,5813046675,33510.0,33540.0,22177.5,22207.5,7379.0,7409.0,33531,22193,7394,33519,22192,7394,False
serotonin,0.9996541738510132,0.988,851459972,851459972,5813002620,33512.0,33542.0,22169.0,22199.0,7379.0,7409.0,33531,22193,7394,33523,22175,7394,False
serotonin,0.997409999370575,0.955,759810119,759810119,5813002690,33589.0,33619.0,22912.0,22942.0,7796.5,7826.5,33615,22920,7812,33593,22934,7811,False
serotonin,0.9900452494621276,0.998,759810119,759810119,510934715,5716.0,5746.0,20171.0,20201.0,8447.5,8477.5,5725,20183,8466,5737,20189,8459,False
serotonin,0.9989163875579834,0.953,759810119,759810119,574377845,6387.0,6417.0,20231.0,20261.0,8676.0,8706.0,6407,20244,8691,6397,20248,8691,False
serotonin,0.9989163875579834,0.953,759810119,759810119,574377562,6392.5,6422.5,20234.5,20264.5,8676.0,8706.0,6407,20244,8691,6408,20255,8691,False
serotonin,0.9970128536224364,0.976,5813078603,5813078603,454003707,12219.5,12249.5,19086.0,19116.0,8840.5,8870.5,12242,19098,8856,12227,19104,8855,False
serotonin,0.9997379183769226,0.997,759810119,759810119,5813010845,6124.0,6154.0,18943.0,18973.0,9049.0,9079.0,6134,18965,9071,6144,18951,9057,False
serotonin,0.9964882135391236,0.992,759810119,759810119,481946285,12976.0,13006.0,16781.5,16811.5,9443.5,9473.5,12991,16800,9460,12991,16793,9457,False
serotonin,0.9980278611183168,0.994,1036637638,1036637638,295478082,17383.5,17413.5,20540.5,20570.5,9460.5,9490.5,17402,20547,9464,17395,20564,9487,False
serotonin,0.9955173134803772,0.996,1036637638,1036637638,696617609,17323.0,17353.0,22284.0,22314.0,9479.5,9509.5,17347,22295,9497,17329,22303,9492,False
serotonin,0.9955173134803772,0.996,1036637638,1036637638,5813020696,17329.0,17359.0,22282.5,22312.5,9472.0,9502.0,17347,22295,9497,17341,22300,9477,False
serotonin,0.9955173134803772,0.996,1036637638,1036637638,545501062,17327.0,17357.0,22276.0,22306.0,9479.5,9509.5,17347,22295,9497,17337,22287,9492,False
serotonin,0.9996060729026794,0.984,759810119,759810119,668772585,33469.0,33499.0,21686.0,21716.0,9580.0,9610.0,33483,21706,9586,33485,21696,9604,False
serotonin,0.9973452687263488,0.997,851459972,851459972,327499164,5564.5,5594.5,18011.5,18041.5,9679.5,9709.5,5581,18032,9693,5578,18021,9696,False
serotonin,0.992385745048523,0.992,851459972,851459972,294760837,7413.0,7443.0,17992.0,18022.0,9706.0,9736.0,7423,18010,9722,7433,18004,9720,False
serotonin,0.9995973706245422,0.984,759810119,759810119,667474054,5764.0,5794.0,20260.0,20290.0,9754.0,9784.0,5779,20269,9767,5779,20281,9771,False
serotonin,0.9914564490318298,0.965,851459972,851459972,606703734,33098.0,33128.0,21171.5,21201.5,9812.0,9842.0,33110,21187,9831,33116,21186,9823,False
serotonin,0.995596706867218,0.982,759810119,759810119,424716408,5607.5,5637.5,16989.0,17019.0,9841.0,9871.0,5625,17014,9856,5620,16994,9856,False
serotonin,0.9954580068588256,0.976,541697718,541697718,5813020812,7452.0,7482.0,16200.5,16230.5,9854.5,9884.5,7469,16214,9866,7465,16217,9873,False
serotonin,0.9908607006072998,0.966,759810119,759810119,480258208,7530.0,7560.0,19643.0,19673.0,9928.5,9958.5,7541,19662,9942,7549,19654,9945,False
serotonin,0.9966541528701782,0.988,759810119,759810119,604429310,7632.0,7662.0,18519.5,18549.5,10017.0,10047.0,7646,18530,10037,7648,18539,10027,False
serotonin,0.9966541528701782,0.988,759810119,759810119,386825636,7639.0,7669.0,18518.5,18548.5,10017.0,10047.0,7646,18530,10037,7662,18537,10027,False
serotonin,0.9966541528701782,0.988,759810119,759810119,356467849,7626.5,7656.5,18517.5,18547.5,10027.5,10057.5,7646,18530,10037,7637,18535,10048,False
serotonin,0.9917080998420716,0.96,851459972,851459972,698452781,32807.0,32837.0,20308.0,20338.0,10484.0,10514.0,32824,20316,10498,32820,20330,10500,False
serotonin,0.9992017149925232,0.985,759810119,759810119,327499164,4909.0,4939.0,16302.0,16332.0,10750.5,10780.5,4925,16318,10758,4923,16316,10773,False
serotonin,0.9952421188354492,0.97,851459972,851459972,5813087551,6242.5,6272.5,17072.0,17102.0,11019.5,11049.5,6251,17087,11037,6264,17087,11032,False
serotonin,0.9941685199737548,0.986,851459972,851459972,604726283,6191.5,6221.5,17164.0,17194.0,11141.5,11171.5,6212,17179,11154,6201,17179,11159,False
serotonin,0.9994159936904908,0.978,1036637638,1036637638,5813020673,20469.0,20499.0,18448.5,18478.5,11151.0,11181.0,20485,18460,11172,20483,18467,11160,False
serotonin,0.9933066964149476,0.962,851459972,851459972,417186656,6455.5,6485.5,17108.5,17138.5,11251.5,11281.5,6468,17121,11265,6473,17126,11268,False
serotonin,0.9989805817604064,0.985,919763043,919763043,728460284,33825.0,33855.0,18438.5,18468.5,11284.5,11314.5,33844,18451,11296,33836,18456,11303,False
serotonin,0.9960009455680848,0.97,759810119,759810119,5813083717,6696.0,6726.0,16751.0,16781.0,11302.0,11332.0,6707,16770,11319,6715,16762,11315,False
serotonin,0.9947444200515748,0.968,759810119,759810119,5812981379,13821.5,13851.5,15516.0,15546.0,11318.0,11348.0,13846,15526,11337,13827,15536,11329,False
serotonin,0.9947444200515748,0.968,759810119,759810119,425790257,13830.5,13860.5,15520.5,15550.5,11318.0,11348.0,13846,15526,11337,13845,15545,11329,False
serotonin,0.9976656436920166,0.976,759810119,759810119,358515278,9325.5,9355.5,15812.0,15842.0,11351.0,11381.0,9337,15833,11364,9344,15821,11368,False
serotonin,0.9976656436920166,0.976,759810119,759810119,356503889,9322.0,9352.0,15815.5,15845.5,11340.5,11370.5,9337,15833,11364,9337,15828,11347,False
serotonin,0.9934170246124268,0.971,541697718,541697718,480997558,7414.5,7444.5,15834.0,15864.0,11479.5,11509.5,7438,15850,11494,7421,15848,11495,False
serotonin,0.9985682964324952,0.993,759810119,759810119,425790257,10649.0,10679.0,13976.5,14006.5,11540.5,11570.5,10661,13996,11561,10667,13987,11550,False
serotonin,0.9944217801094056,0.972,759810119,759810119,419548541,5655.0,5685.0,16205.0,16235.0,11823.0,11853.0,5673,16226,11838,5667,16214,11838,False
serotonin,0.9938378930091858,0.973,759810119,759810119,360578625,4477.5,4507.5,16931.5,16961.5,11961.5,11991.5,4491,16952,11981,4494,16941,11972,False
serotonin,0.9938378930091858,0.973,759810119,759810119,327499164,4480.5,4510.5,16935.0,16965.0,11967.5,11997.5,4491,16952,11981,4500,16948,11984,False
serotonin,0.9999594688415528,0.995,851459972,851459972,573695941,4641.5,4671.5,15691.0,15721.0,12556.5,12586.5,4659,15707,12566,4654,15705,12577,False
serotonin,0.9960721731185912,0.99,919763043,919763043,787563949,34148.5,34178.5,18558.0,18588.0,12597.5,12627.5,34159,18573,12617,34168,18573,12608,False
serotonin,0.9960721731185912,0.99,919763043,919763043,729815690,34143.0,34173.0,18552.5,18582.5,12597.5,12627.5,34159,18573,12617,34157,18562,12608,False
serotonin,0.9998421669006348,0.994,759810119,759810119,1734420152,7677.5,7707.5,17557.5,17587.5,12849.5,12879.5,7691,17564,12868,7694,17581,12861,False
serotonin,0.9955134987831116,0.983,759810119,759810119,514375643,7621.5,7651.5,20203.5,20233.5,13648.0,13678.0,7629,20226,13657,7644,20211,13669,False
serotonin,0.997438907623291,0.984,759810119,759810119,980198319,4351.5,4381.5,21191.0,21221.0,15464.5,15494.5,4370,21201,15474,4363,21211,15485,False
serotonin,0.9911830425262452,0.967,541697718,541697718,1035454539,5591.0,5621.0,14658.0,14688.0,15612.0,15642.0,5613,14673,15632,5599,14673,15622,False
serotonin,0.9911830425262452,0.967,541697718,541697718,5813053827,5601.0,5631.0,14649.5,14679.5,15617.5,15647.5,5613,14673,15632,5619,14656,15633,False
serotonin,0.994159698486328,0.991,541697718,541697718,665820084,5683.0,5713.0,15343.5,15373.5,16719.0,16749.0,5700,15354,16727,5696,15363,16741,False
serotonin,0.9938502311706544,0.996,541697718,541697718,390331214,6849.5,6879.5,15787.5,15817.5,18636.0,18666.0,6873,15802,18654,6856,15803,18648,False
serotonin,0.9960363507270812,0.983,669325882,669325882,5813060781,13785.0,13815.0,13260.0,13290.0,19700.5,19730.5,13797,13283,19713,13803,13267,19718,False
serotonin,0.9911624193191528,0.99,791527493,791527493,5813064410,11278.5,11308.5,13574.0,13604.0,21174.5,21204.5,11295,13584,21194,11292,13594,21185,False
serotonin,0.998542308807373,0.969,791527493,791527493,1375242214,19617.5,19647.5,12751.0,12781.0,21855.0,21885.0,19636,12774,21872,19629,12758,21868,False
serotonin,0.998542308807373,0.969,791527493,791527493,1375224269,19613.5,19643.5,12760.5,12790.5,21856.0,21886.0,19636,12774,21872,19621,12777,21870,False
serotonin,0.9938347339630128,0.956,791527493,791527493,1069351982,23909.0,23939.0,12532.0,12562.0,22010.0,22040.0,23933,12553,22032,23915,12541,22018,False
serotonin,0.9997918009757996,0.977,669325882,669325882,488922181,22870.0,22900.0,12337.5,12367.5,22479.0,22509.0,22891,12348,22495,22879,12357,22493,False
serotonin,0.9910764694213868,0.973,791527493,791527493,1350034937,23468.0,23498.0,11837.0,11867.0,22583.0,22613.0,23490,11849,22600,23476,11855,22596,False
serotonin,0.9999533891677856,0.987,669325882,669325882,731176276,28796.0,28826.0,12731.5,12761.5,22786.5,22816.5,28811,12740,22807,28811,12753,22796,False
serotonin,0.9998258948326112,0.983,669325882,669325882,5813071320,20644.5,20674.5,12333.0,12363.0,22846.5,22876.5,20656,12340,22861,20663,12356,22862,False
serotonin,0.9975576400756836,0.956,669325882,669325882,1561925676,29005.5,29035.5,12717.5,12747.5,22871.0,22901.0,29018,12733,22893,29023,12732,22879,False
serotonin,0.9932315349578856,0.964,791527493,791527493,1449618949,18996.5,19026.5,16502.0,16532.0,22965.0,22995.0,19007,16516,22983,19016,16518,22977,False
serotonin,0.9932315349578856,0.964,791527493,791527493,1223499592,18994.5,19024.5,16495.5,16525.5,22965.0,22995.0,19007,16516,22983,19012,16505,22977,False
serotonin,0.9932315349578856,0.964,791527493,791527493,1038338266,18986.5,19016.5,16490.5,16520.5,22965.0,22995.0,19007,16516,22983,18996,16495,22977,False
serotonin,0.9975639581680298,0.954,669325882,669325882,1528395505,19574.5,19604.5,10477.5,10507.5,23007.0,23037.0,19591,10498,23023,19588,10487,23021,False
serotonin,0.9997889399528505,0.963,669325882,669325882,1283173461,20737.0,20767.0,10154.0,10184.0,23017.0,23047.0,20748,10173,23030,20756,10165,23034,False
serotonin,0.9990748167037964,0.977,669325882,669325882,1127924395,20955.0,20985.0,10312.0,10342.0,23126.0,23156.0,20964,10333,23141,20976,10321,23141,False
serotonin,0.9995716214179992,0.97,669325882,669325882,1313879738,22440.0,22470.0,11572.5,11602.5,23122.0,23152.0,22457,11582,23141,22453,11593,23133,False
serotonin,0.9999898672103882,0.968,669325882,669325882,5813071320,19543.0,19573.0,10171.0,10201.0,23143.0,23173.0,19557,10193,23164,19559,10179,23152,False
serotonin,0.9940863847732544,0.954,791527493,791527493,768301391,22725.0,22755.0,15010.0,15040.0,23491.0,23521.0,22742,15032,23512,22738,15018,23500,False
serotonin,0.9940863847732544,0.954,791527493,791527493,737218956,22732.5,22762.5,15011.5,15041.5,23500.0,23530.0,22742,15032,23512,22753,15021,23518,False
serotonin,0.9991857409477234,0.978,669325882,669325882,1744966885,19064.0,19094.0,8940.5,8970.5,23506.0,23536.0,19077,8958,23516,19081,8953,23526,False
serotonin,0.9991857409477234,0.978,669325882,669325882,1559102509,19068.5,19098.5,8938.5,8968.5,23501.0,23531.0,19077,8958,23516,19090,8949,23516,False
serotonin,0.994951605796814,0.981,669325882,669325882,1502217925,19333.5,19363.5,15929.5,15959.5,23528.0,23558.0,19348,15952,23538,19349,15937,23548,False
serotonin,0.994951605796814,0.981,669325882,669325882,1501384741,19337.0,19367.0,15931.0,15961.0,23520.0,23550.0,19348,15952,23538,19356,15940,23532,False
serotonin,0.9999927282333374,0.951,791527493,791527493,675490017,23376.5,23406.5,15078.5,15108.5,23617.0,23647.0,23395,15089,23633,23388,15098,23631,False
serotonin,0.9998806715011596,0.956,669325882,669325882,1621509312,19458.5,19488.5,9437.0,9467.0,23640.5,23670.5,19480,9452,23646,19467,9452,23665,False
serotonin,0.9904081225395204,0.952,759810119,759810119,2041621893,17111.0,17141.0,33948.5,33978.5,23656.0,23686.0,17122,33956,23676,17130,33971,23666,False
serotonin,0.9999592304229736,0.985,759810119,759810119,5813024698,18501.5,18531.5,32917.0,32947.0,23691.0,23721.0,18517,32937,23700,18516,32927,23712,False
serotonin,0.9999592304229736,0.985,759810119,759810119,5813018460,18500.5,18530.5,32925.5,32955.5,23691.0,23721.0,18517,32937,23700,18514,32944,23712,False
serotonin,0.995749831199646,0.976,669325882,669325882,5813038347,29070.0,29100.0,15432.0,15462.0,23697.0,23727.0,29084,15453,23717,29086,15441,23707,False
serotonin,0.995749831199646,0.976,669325882,669325882,1502234873,29067.0,29097.0,15445.5,15475.5,23697.0,23727.0,29084,15453,23717,29080,15468,23707,False
serotonin,0.99625825881958,0.99,759810119,759810119,5813034531,18501.0,18531.0,33672.0,33702.0,23745.5,23775.5,18513,33689,23757,18519,33685,23764,False
serotonin,0.999934196472168,0.956,759810119,759810119,1640909284,19167.0,19197.0,33701.5,33731.5,23783.5,23813.5,19182,33709,23798,19182,33724,23799,False
serotonin,0.9984961748123168,0.986,759810119,759810119,5901218894,18227.0,18257.0,32510.0,32540.0,23789.5,23819.5,18246,32518,23803,18238,32532,23806,False
serotonin,0.9984961748123168,0.986,759810119,759810119,5813024698,18224.5,18254.5,32506.5,32536.5,23782.0,23812.0,18246,32518,23803,18233,32525,23791,False
serotonin,0.9984961748123168,0.986,759810119,759810119,1670264761,18234.5,18264.5,32510.5,32540.5,23789.5,23819.5,18246,32518,23803,18253,32533,23806,False
serotonin,0.9997939467430116,0.983,759810119,759810119,5813024698,17399.0,17429.0,32169.5,32199.5,23872.5,23902.5,17410,32196,23891,17418,32173,23884,False
serotonin,0.9999964237213136,0.968,759810119,759810119,5813024698,18917.0,18947.0,32017.5,32047.5,23899.5,23929.5,18935,32032,23920,18929,32033,23909,False
serotonin,0.9999964237213136,0.968,759810119,759810119,1640572741,18920.0,18950.0,32008.5,32038.5,23899.5,23929.5,18935,32032,23920,18935,32015,23909,False
serotonin,0.9942016005516052,0.978,759810119,759810119,5813054777,16713.5,16743.5,33694.0,33724.0,23985.5,24015.5,16728,33702,24005,16729,33716,23996,False
serotonin,0.9955713152885436,0.951,669325882,669325882,912601209,27854.5,27884.5,15414.0,15444.0,24039.5,24069.5,27866,15432,24047,27873,15426,24062,False
serotonin,0.9955713152885436,0.951,669325882,669325882,5813061218,27854.5,27884.5,15421.5,15451.5,24039.5,24069.5,27866,15432,24047,27873,15441,24062,False
serotonin,0.995558738708496,0.963,669325882,669325882,5813022257,27766.0,27796.0,15543.0,15573.0,24046.5,24076.5,27784,15551,24065,27778,15565,24058,False
serotonin,0.9999953508377076,0.977,669325882,669325882,792045391,19859.0,19889.0,15753.0,15783.0,24068.0,24098.0,19867,15763,24079,19881,15773,24087,False
serotonin,0.9999953508377076,0.977,669325882,669325882,5813015153,19850.5,19880.5,15749.5,15779.5,24068.0,24098.0,19867,15763,24079,19864,15766,24087,False
serotonin,0.999705970287323,0.982,759810119,759810119,1640909284,22490.0,22520.0,32650.5,32680.5,24078.0,24108.0,22501,32665,24105,22509,32666,24081,False
serotonin,0.9991387128829956,0.984,669325882,669325882,1695178970,31102.0,31132.0,16072.5,16102.5,24105.0,24135.0,31114,16092,24124,31120,16083,24116,False
serotonin,0.996720016002655,0.983,791527493,791527493,1290961410,22039.0,22069.0,16059.0,16089.0,24111.0,24141.0,22053,16072,24134,22055,16076,24118,False
serotonin,0.9999953508377076,0.957,759810119,759810119,1733025401,19034.5,19064.5,33609.5,33639.5,24171.5,24201.5,19055,33621,24187,19044,33628,24186,False
serotonin,0.9999953508377076,0.957,759810119,759810119,1704347707,19040.0,19070.0,33606.0,33636.0,24180.5,24210.5,19055,33621,24187,19055,33621,24204,False
serotonin,0.9959143996238708,0.993,669325882,669325882,1697185831,32396.0,32426.0,16964.5,16994.5,24260.0,24290.0,32411,16975,24280,32411,16984,24270,False
serotonin,0.999998927116394,0.976,669325882,669325882,1378090884,29415.0,29445.0,14500.0,14530.0,24273.5,24303.5,29432,14519,24292,29428,14511,24285,False
serotonin,0.9994939565658568,0.996,759810119,759810119,1704347707,17371.5,17401.5,33791.5,33821.5,24304.0,24334.0,17399,33804,24312,17374,33809,24326,False
serotonin,0.999583899974823,0.984,669325882,669325882,1471337698,19607.0,19637.0,13120.0,13150.0,24346.0,24376.0,19621,13139,24355,19623,13131,24367,False
serotonin,0.999583899974823,0.984,669325882,669325882,1223499592,19605.5,19635.5,13116.5,13146.5,24335.5,24365.5,19621,13139,24355,19620,13124,24346,False
serotonin,0.9937775135040284,0.967,759810119,759810119,5813132949,18063.0,18093.0,33090.0,33120.0,24356.5,24386.5,18081,33101,24368,18075,33109,24375,False
serotonin,0.999932050704956,0.98,759810119,759810119,1670287030,21507.5,21537.5,31688.0,31718.0,24400.5,24430.5,21524,31696,24417,21521,31710,24414,False
serotonin,0.997389018535614,0.96,759810119,759810119,1704347707,22248.5,22278.5,32711.5,32741.5,24484.0,24514.0,22269,32730,24494,22258,32723,24504,False
serotonin,0.997389018535614,0.96,759810119,759810119,1640909284,22255.5,22285.5,32715.0,32745.0,24484.0,24514.0,22269,32730,24494,22272,32730,24504,False
serotonin,0.9996801614761353,0.984,791527493,791527493,728666990,22786.0,22816.0,15241.5,15271.5,24480.5,24510.5,22801,15255,24501,22801,15258,24490,False
serotonin,0.9996801614761353,0.984,791527493,791527493,1346718982,22775.5,22805.5,15237.5,15267.5,24480.5,24510.5,22801,15255,24501,22780,15250,24490,False
serotonin,0.9908626079559326,0.993,669325882,669325882,1534176395,20467.0,20497.0,15284.5,15314.5,24587.0,24617.0,20477,15302,24597,20487,15297,24607,False
serotonin,0.9908626079559326,0.993,669325882,669325882,1347979604,20470.0,20500.0,15284.0,15314.0,24579.0,24609.0,20477,15302,24597,20493,15296,24591,False
serotonin,0.9920458793640136,0.986,791527493,791527493,5901225755,18989.0,19019.0,11685.5,11715.5,24601.5,24631.5,19000,11700,24622,19008,11701,24611,False
serotonin,0.9993795156478882,0.965,759810119,759810119,1858171556,20045.0,20075.0,30653.5,30683.5,24620.0,24650.0,20052,30677,24629,20068,30660,24641,False
serotonin,0.9993795156478882,0.965,759810119,759810119,1671292719,20041.5,20071.5,30663.0,30693.0,24609.0,24639.0,20052,30677,24629,20061,30679,24619,False
serotonin,0.9995288848876952,0.957,759810119,759810119,5813056598,19950.5,19980.5,30506.5,30536.5,24702.5,24732.5,19955,30520,24715,19976,30523,24720,False
serotonin,0.9995288848876952,0.957,759810119,759810119,1858171556,19942.5,19972.5,30512.5,30542.5,24702.5,24732.5,19955,30520,24715,19960,30535,24720,False
serotonin,0.9999995231628418,0.996,759810119,759810119,5813024698,17601.5,17631.5,36088.5,36118.5,24713.5,24743.5,17616,36101,24724,17617,36106,24733,False
serotonin,0.9935356378555298,0.954,791527493,791527493,5812992005,21685.0,21715.0,15513.5,15543.5,24710.5,24740.5,21701,15536,24728,21699,15521,24723,False
serotonin,0.9946528673171996,0.988,759810119,759810119,1946178096,18188.5,18218.5,32173.0,32203.0,24758.0,24788.0,18201,32194,24770,18206,32182,24776,False
serotonin,0.9953548908233644,0.979,669325882,669325882,1130424306,22277.5,22307.5,15618.0,15648.0,24777.5,24807.5,22284,15632,24788,22301,15634,24797,False
serotonin,0.9999606609344482,0.959,759810119,759810119,5901206553,19313.0,19343.0,31571.0,31601.0,24787.5,24817.5,19333,31583,24798,19323,31589,24807,False
serotonin,0.9987586736679076,0.952,669325882,669325882,1747794162,29464.0,29494.0,12799.0,12829.0,24823.5,24853.5,29479,12817,24843,29479,12811,24834,False
serotonin,0.9993127584457396,0.986,759810119,759810119,5813024698,17705.5,17735.5,32901.5,32931.5,24866.0,24896.0,17717,32920,24889,17724,32913,24873,False
serotonin,0.9947487711906432,0.976,791527493,791527493,1098776577,31711.0,31741.0,14113.5,14143.5,24893.5,24923.5,31733,14122,24903,31719,14135,24914,False
serotonin,0.99629008769989,0.987,759810119,759810119,1946178096,15774.0,15804.0,32878.5,32908.5,24926.0,24956.0,15783,32885,24936,15795,32902,24946,False
serotonin,0.99629008769989,0.987,759810119,759810119,1671638278,15774.0,15804.0,32867.5,32897.5,24926.0,24956.0,15783,32885,24936,15795,32880,24946,False
serotonin,0.994525909423828,0.98,759810119,759810119,5813024698,20378.5,20408.5,30531.0,30561.0,24937.5,24967.5,20395,30544,24946,20392,30548,24959,False
serotonin,0.9954849481582642,0.952,759810119,759810119,5813018460,18204.0,18234.0,30869.5,30899.5,24980.0,25010.0,18216,30878,24992,18222,30891,24998,False
serotonin,0.9998898506164552,0.959,759810119,759810119,1640909284,22623.0,22653.0,28672.5,28702.5,24985.0,25015.0,22642,28694,25003,22634,28681,24997,False
serotonin,0.991890549659729,0.965,759810119,759810119,542634818,21684.0,21714.0,33338.5,33368.5,25011.0,25041.0,21694,33347,25027,21704,33360,25025,False
serotonin,0.9979264736175536,0.983,759810119,759810119,1671257931,17109.0,17139.0,33462.5,33492.5,25027.0,25057.0,17123,33469,25041,17125,33486,25043,False
serotonin,0.9979264736175536,0.983,759810119,759810119,1640909284,17100.5,17130.5,33457.5,33487.5,25027.0,25057.0,17123,33469,25041,17108,33476,25043,False
serotonin,0.9953497052192688,0.972,791527493,791527493,1130424306,22429.5,22459.5,15369.0,15399.0,25033.5,25063.5,22441,15380,25045,22448,15388,25052,False
serotonin,0.9999923706054688,0.97,759810119,759810119,574037266,18755.0,18785.0,35830.0,35860.0,25040.5,25070.5,18768,35852,25061,18772,35838,25050,False
serotonin,0.9942871928215028,0.986,791527493,791527493,1656027753,28358.0,28388.0,13036.5,13066.5,25032.5,25062.5,28376,13057,25063,28370,13046,25032,True
serotonin,0.9999877214431764,0.988,759810119,759810119,1642623277,19128.0,19158.0,30972.5,31002.5,25060.5,25090.5,19151,30985,25072,19135,30990,25079,False
serotonin,0.9999886751174928,0.959,759810119,759810119,1640909284,18036.5,18066.5,35824.5,35854.5,25170.0,25200.0,18054,35832,25177,18049,35847,25193,False
serotonin,0.9999500513076782,0.971,669325882,669325882,5812993457,20938.0,20968.0,11324.5,11354.5,25193.5,25223.5,20953,11336,25211,20953,11343,25206,False
serotonin,0.9958034157752992,0.98,791527493,791527493,1559102509,19884.5,19914.5,10454.0,10484.0,25210.5,25240.5,19904,10467,25221,19895,10471,25230,False
serotonin,0.9958034157752992,0.98,791527493,791527493,1374960533,19891.0,19921.0,10454.0,10484.0,25210.5,25240.5,19904,10467,25221,19908,10471,25230,False
serotonin,0.9956349730491638,0.992,669325882,669325882,1501392572,19960.0,19990.0,14299.5,14329.5,25209.0,25239.0,19977,14312,25230,19973,14317,25218,False
serotonin,0.9931418299674988,0.976,759810119,759810119,542634818,21119.0,21149.0,29927.5,29957.5,25245.5,25275.5,21127,29942,25267,21141,29943,25254,False
serotonin,0.999996542930603,0.993,759810119,759810119,5813024698,17089.5,17119.5,33549.5,33579.5,25337.0,25367.0,17112,33568,25356,17097,33561,25348,False
serotonin,0.999762237071991,0.974,791527493,791527493,1316945065,20261.0,20291.0,15169.0,15199.0,25375.5,25405.5,20273,15184,25396,20279,15184,25385,False
serotonin,0.9995773434638976,0.958,759810119,759810119,1640909284,18356.0,18386.0,34427.0,34457.0,25396.0,25426.0,18371,34451,25412,18371,34433,25410,False
serotonin,0.9999874830245972,0.987,759810119,759810119,5813024698,21034.0,21064.0,32207.0,32237.0,25395.5,25425.5,21044,32212,25416,21054,32232,25405,False
serotonin,0.9999874830245972,0.987,759810119,759810119,1640909284,21029.0,21059.0,32195.0,32225.0,25395.5,25425.5,21044,32212,25416,21044,32208,25405,False
serotonin,0.9977132081985474,0.981,759810119,759810119,5813034493,21011.0,21041.0,32150.5,32180.5,25414.5,25444.5,21023,32173,25434,21029,32158,25425,False
serotonin,0.9977132081985474,0.981,759810119,759810119,1640909284,21005.0,21035.0,32156.0,32186.0,25414.5,25444.5,21023,32173,25434,21017,32169,25425,False
serotonin,0.99995756149292,0.995,759810119,759810119,5813018460,17080.5,17110.5,31393.0,31423.0,25436.0,25466.0,17094,31396,25448,17097,31420,25454,False
serotonin,0.996460497379303,0.997,759810119,759810119,5813024698,17429.5,17459.5,32533.5,32563.5,25447.0,25477.0,17446,32540,25461,17443,32557,25463,False
serotonin,0.996460497379303,0.997,759810119,759810119,1671257931,17421.5,17451.5,32525.0,32555.0,25447.0,25477.0,17446,32540,25461,17427,32540,25463,False
serotonin,0.9999669790267944,0.983,759810119,759810119,5813024698,20125.0,20155.0,35267.0,35297.0,25463.0,25493.0,20146,35290,25475,20134,35274,25481,False
serotonin,0.9999669790267944,0.983,759810119,759810119,1605198915,20135.5,20165.5,35270.5,35300.5,25463.0,25493.0,20146,35290,25475,20155,35281,25481,False
serotonin,0.9999972581863404,0.98,759810119,759810119,5813024710,15276.0,15306.0,32317.0,32347.0,25502.5,25532.5,15290,32342,25513,15292,32322,25522,False
serotonin,0.9999972581863404,0.98,759810119,759810119,1640572741,15280.0,15310.0,32319.0,32349.0,25493.0,25523.0,15290,32342,25513,15300,32326,25503,False
serotonin,0.99990713596344,0.973,669325882,669325882,1716249528,10823.0,10853.0,14280.0,14310.0,25499.0,25529.0,10846,14290,25517,10830,14300,25511,False
serotonin,0.9981348514556884,0.995,759810119,759810119,5813034493,17974.0,18004.0,31026.0,31056.0,25532.5,25562.5,17988,31044,25554,17990,31038,25541,False
serotonin,0.9996696710586548,0.967,759810119,759810119,1640572741,18918.5,18948.5,31722.0,31752.0,25549.0,25579.0,18932,31735,25573,18935,31739,25555,False
serotonin,0.9999254941940308,0.962,759810119,759810119,1825789179,20775.5,20805.5,35577.0,35607.0,25558.5,25588.5,20791,35587,25579,20790,35597,25568,False
serotonin,0.9999535083770752,0.954,759810119,759810119,1670045635,19229.5,19259.5,33968.0,33998.0,25566.0,25596.0,19249,33974,25582,19240,33992,25580,False
serotonin,0.9999535083770752,0.954,759810119,759810119,1640594274,19240.0,19270.0,33952.5,33982.5,25561.0,25591.0,19249,33974,25582,19261,33961,25570,False
serotonin,1.0,0.979,759810119,759810119,1640909284,18716.5,18746.5,32104.0,32134.0,25594.0,25624.0,18736,32117,25605,18727,32121,25613,False
serotonin,0.9946335554122924,0.954,791527493,791527493,5813034263,20659.5,20689.5,10302.5,10332.5,25617.5,25647.5,20681,10320,25624,20668,10315,25641,False
serotonin,0.9975540041923524,0.972,759810119,759810119,5813018460,18326.5,18356.5,35151.5,35181.5,25678.0,25708.0,18352,35168,25691,18331,35165,25695,False
serotonin,0.9999929666519164,0.99,759810119,759810119,5813024698,19275.5,19305.5,33159.5,33189.5,25682.0,25712.0,19287,33176,25703,19294,33173,25691,False
serotonin,0.992883563041687,0.997,791527493,791527493,1717968338,14393.5,14423.5,15845.0,15875.0,25699.5,25729.5,14407,15856,25724,14410,15864,25705,False
serotonin,0.992883563041687,0.997,791527493,791527493,1375242214,14402.0,14432.0,15843.5,15873.5,25710.0,25740.0,14407,15856,25724,14427,15861,25726,False
serotonin,0.999988317489624,0.974,669325882,669325882,915503330,19915.0,19945.0,15688.0,15718.0,25732.5,25762.5,19926,15699,25751,19934,15707,25744,False
serotonin,0.9992590546607972,0.956,759810119,759810119,5813024698,23143.5,23173.5,28429.5,28459.5,25798.0,25828.0,23166,28440,25810,23151,28449,25816,False
serotonin,0.9992590546607972,0.956,759810119,759810119,1701947337,23144.5,23174.5,28429.0,28459.0,25789.5,25819.5,23166,28440,25810,23153,28448,25799,False
serotonin,0.9902570247650146,0.975,669325882,669325882,5813079574,28258.0,28288.0,15335.0,15365.0,25796.5,25826.5,28269,15356,25815,28277,15344,25808,False
serotonin,0.9999995231628418,0.991,759810119,759810119,1640909284,18368.5,18398.5,33795.5,33825.5,25837.5,25867.5,18374,33814,25852,18393,33807,25853,False
serotonin,0.999419331550598,0.953,759810119,759810119,1640572741,21827.5,21857.5,28281.0,28311.0,25839.5,25869.5,21846,28285,25853,21839,28307,25856,False
serotonin,0.999760925769806,0.962,759810119,759810119,5813024698,22987.0,23017.0,30282.5,30312.5,25877.0,25907.0,23000,30302,25887,23004,30293,25897,False
serotonin,0.9969106316566468,0.984,759810119,759810119,5813018460,17435.5,17465.5,33295.5,33325.5,25876.0,25906.0,17453,33314,25900,17448,33307,25882,False
serotonin,0.9969106316566468,0.984,759810119,759810119,1640909284,17432.5,17462.5,33292.5,33322.5,25880.5,25910.5,17453,33314,25900,17442,33301,25891,False
serotonin,0.9977074861526488,0.975,759810119,759810119,5813018460,14717.5,14747.5,31507.5,31537.5,25907.0,25937.0,14736,31531,25926,14729,31514,25918,False
serotonin,0.999909520149231,0.987,759810119,759810119,5813024698,16733.0,16763.0,35313.0,35343.0,25932.5,25962.5,16753,35336,25948,16743,35320,25947,False
serotonin,0.999909520149231,0.987,759810119,759810119,1671292719,16726.5,16756.5,35316.5,35346.5,25932.5,25962.5,16753,35336,25948,16730,35327,25947,False
serotonin,0.9974040389060974,0.963,669325882,669325882,1352011957,18729.0,18759.0,13133.0,13163.0,25974.5,26004.5,18744,13148,25983,18744,13148,25996,False
serotonin,0.9999537467956544,0.997,759810119,759810119,5813024698,16299.5,16329.5,30256.5,30286.5,25981.0,26011.0,16299,30272,26000,16330,30271,25992,True
serotonin,0.9924998879432678,0.979,759810119,759810119,5813024710,14839.0,14869.0,32186.0,32216.0,26008.0,26038.0,14856,32207,26029,14852,32195,26017,False
serotonin,0.9937923550605774,0.974,759810119,759810119,5813024698,20623.0,20653.0,36197.5,36227.5,26037.0,26067.0,20644,36207,26055,20632,36218,26049,False
serotonin,0.9970892071723938,0.984,759810119,759810119,1640909284,19746.5,19776.5,31116.5,31146.5,26046.0,26076.0,19752,31135,26059,19771,31128,26063,False
serotonin,0.9980417490005492,0.985,759810119,759810119,5813024698,15232.5,15262.5,30325.5,30355.5,26040.5,26070.5,15249,30337,26062,15246,30344,26049,False
serotonin,0.9937454462051392,0.975,669325882,669325882,1721218845,31405.5,31435.5,17352.5,17382.5,26073.0,26103.0,31424,17363,26089,31417,17372,26087,False
serotonin,0.9958038926124572,0.952,759810119,759810119,5901218894,16709.5,16739.5,30585.0,30615.0,26096.0,26126.0,16720,30605,26115,16729,30595,26107,False
serotonin,0.9999910593032836,0.98,759810119,759810119,1793014716,14504.5,14534.5,32552.0,32582.0,26095.0,26125.0,14518,32569,26115,14521,32565,26105,False
serotonin,0.9991883635520936,0.991,759810119,759810119,5901206553,15599.5,15629.5,32302.0,32332.0,26108.0,26138.0,15609,32324,26121,15620,32310,26125,False
serotonin,0.9952488541603088,0.985,759810119,759810119,5813039309,17050.0,17080.0,31099.0,31129.0,26100.5,26130.5,17069,31114,26122,17061,31114,26109,False
serotonin,0.9952488541603088,0.985,759810119,759810119,1640909284,17056.5,17086.5,31099.0,31129.0,26100.5,26130.5,17069,31114,26122,17074,31114,26109,False
serotonin,0.9999990463256836,0.984,759810119,759810119,1640909284,20582.0,20612.0,33895.0,33925.0,26116.5,26146.5,20593,33917,26134,20601,33903,26129,False
serotonin,0.9999599456787108,0.984,759810119,759810119,5813024698,18590.0,18620.0,29704.0,29734.0,26130.5,26160.5,18598,29729,26139,18612,29709,26152,False
serotonin,0.9999977350234984,0.976,759810119,759810119,1887867926,17426.5,17456.5,33675.0,33705.0,26158.0,26188.0,17451,33686,26177,17432,33694,26169,False
serotonin,0.9999977350234984,0.976,759810119,759810119,1670265016,17431.0,17461.0,33667.5,33697.5,26158.0,26188.0,17451,33686,26177,17441,33679,26169,False
serotonin,0.9999951124191284,0.999,759810119,759810119,1640909284,17995.5,18025.5,30562.0,30592.0,26185.5,26215.5,18010,30579,26210,18011,30575,26191,False
serotonin,0.9951568245887756,0.962,669325882,669325882,5813023129,19668.5,19698.5,12208.5,12238.5,26198.0,26228.0,19683,12231,26215,19684,12216,26211,False
serotonin,0.9999325275421144,0.962,759810119,759810119,1640909284,15473.5,15503.5,33166.5,33196.5,26196.0,26226.0,15496,33178,26215,15481,33185,26207,False
serotonin,0.9999912977218628,0.957,759810119,759810119,1640909284,15146.5,15176.5,33358.5,33388.5,26286.5,26316.5,15160,33369,26309,15163,33378,26294,False
serotonin,0.9981276392936708,0.959,669325882,669325882,1561550434,20318.5,20348.5,14624.0,14654.0,26303.5,26333.5,20332,14639,26315,20335,14639,26322,False
serotonin,0.998364508152008,0.975,791527493,791527493,1660771879,22725.0,22755.0,13512.0,13542.0,26311.5,26341.5,22736,13527,26333,22744,13527,26320,False
serotonin,0.994002401828766,0.987,759810119,759810119,1640909284,15370.0,15400.0,31230.5,31260.5,26334.5,26364.5,15393,31242,26347,15377,31249,26352,False
serotonin,0.994002401828766,0.987,759810119,759810119,1640572741,15373.0,15403.0,31223.0,31253.0,26334.5,26364.5,15393,31242,26347,15383,31234,26352,False
serotonin,0.9999157190322876,0.983,759810119,759810119,5813024698,19192.0,19222.0,31851.0,31881.0,26339.0,26369.0,19198,31860,26354,19216,31872,26354,False
serotonin,0.9954948425292968,0.961,759810119,759810119,1946850979,16763.5,16793.5,30639.0,30669.0,26374.0,26404.0,16787,30654,26388,16770,30654,26390,False
serotonin,0.9999997615814208,0.973,759810119,759810119,5813018460,20507.0,20537.0,28556.5,28586.5,26390.5,26420.5,20517,28575,26412,20527,28568,26399,False
serotonin,0.9999997615814208,0.973,759810119,759810119,1640909284,20502.0,20532.0,28562.5,28592.5,26390.5,26420.5,20517,28575,26412,20517,28580,26399,False
serotonin,0.9998563528060912,0.968,759810119,759810119,5813066988,17978.0,18008.0,33573.5,33603.5,26403.5,26433.5,17995,33583,26417,17991,33594,26420,False
serotonin,0.9998563528060912,0.968,759810119,759810119,1642623277,17976.0,18006.0,33567.0,33597.0,26403.5,26433.5,17995,33583,26417,17987,33581,26420,False
serotonin,0.9995425939559937,0.964,791527493,791527493,861228990,19124.0,19154.0,13886.5,13916.5,26396.5,26426.5,19138,13901,26422,19140,13902,26401,False
serotonin,0.9995425939559937,0.964,791527493,791527493,1597287219,19121.5,19151.5,13882.5,13912.5,26404.5,26434.5,19138,13901,26422,19135,13894,26417,False
serotonin,0.999997854232788,0.965,759810119,759810119,5901206553,19245.5,19275.5,33624.0,33654.0,26453.0,26483.0,19256,33639,26472,19265,33639,26464,False
serotonin,0.999997854232788,0.965,759810119,759810119,1640909284,19242.0,19272.0,33616.0,33646.0,26453.0,26483.0,19256,33639,26472,19258,33623,26464,False
serotonin,0.9997995495796204,0.983,759810119,759810119,5813018460,18198.0,18228.0,29906.5,29936.5,26463.0,26493.0,18219,29916,26478,18207,29927,26478,False
serotonin,0.9997995495796204,0.983,759810119,759810119,1640572741,18209.5,18239.5,29910.0,29940.0,26463.0,26493.0,18219,29916,26478,18230,29934,26478,False
serotonin,0.9990590214729308,0.983,759810119,759810119,5813024698,14611.0,14641.0,32494.0,32524.0,26486.5,26516.5,14632,32509,26497,14620,32509,26506,False
serotonin,0.9933111667633056,0.994,759810119,759810119,5901196806,17663.0,17693.0,33208.5,33238.5,26557.5,26587.5,17674,33227,26576,17682,33220,26569,False
serotonin,0.9933111667633056,0.994,759810119,759810119,574037266,17657.5,17687.5,33202.5,33232.5,26557.5,26587.5,17674,33227,26576,17671,33208,26569,False
serotonin,0.9999700784683228,0.983,759810119,759810119,1946178096,14640.5,14670.5,32572.0,32602.0,26593.5,26623.5,14654,32579,26606,14657,32595,26611,False
serotonin,0.9999700784683228,0.983,759810119,759810119,1640909284,14646.5,14676.5,32567.5,32597.5,26593.5,26623.5,14654,32579,26606,14669,32586,26611,False
serotonin,0.9999898672103882,0.971,759810119,759810119,5901206553,14835.5,14865.5,29968.0,29998.0,26620.0,26650.0,14855,29987,26629,14846,29979,26641,False
serotonin,0.9999898672103882,0.971,759810119,759810119,1640909284,14837.0,14867.0,29975.0,30005.0,26620.0,26650.0,14855,29987,26629,14849,29993,26641,False
serotonin,0.9996347427368164,0.965,759810119,759810119,1640909284,17649.0,17679.0,32038.0,32068.0,26660.0,26690.0,17664,32053,26682,17664,32053,26668,False
serotonin,0.9951075315475464,0.951,759810119,759810119,1702323388,17993.5,18023.5,31662.0,31692.0,26666.0,26696.0,18011,31672,26684,18006,31682,26678,False
serotonin,0.9999716281890868,0.969,759810119,759810119,5813024698,18116.5,18146.5,29910.0,29940.0,26812.5,26842.5,18132,29933,26828,18131,29917,26827,False
serotonin,0.996673583984375,0.956,759810119,759810119,1671292719,19387.5,19417.5,30305.0,30335.0,26854.0,26884.0,19412,30317,26872,19393,30323,26866,False
serotonin,0.9985698461532592,0.996,759810119,759810119,5901206553,17716.0,17746.0,30692.5,30722.5,26895.5,26925.5,17727,30716,26910,17735,30699,26911,False
serotonin,0.9985698461532592,0.996,759810119,759810119,5813024698,17712.0,17742.0,30697.0,30727.0,26902.5,26932.5,17727,30716,26910,17727,30708,26925,False
serotonin,0.999907612800598,0.98,791527493,791527493,1787998190,21106.5,21136.5,19668.0,19698.0,26958.0,26988.0,21116,19684,26977,21127,19682,26969,False
serotonin,0.9970651268959044,0.98,759810119,759810119,5813024698,16677.5,16707.5,34707.0,34737.0,26965.5,26995.5,16687,34715,26979,16698,34729,26982,False
serotonin,0.9970651268959044,0.98,759810119,759810119,5813018460,16680.0,16710.0,34700.0,34730.0,26965.5,26995.5,16687,34715,26979,16703,34715,26982,False
serotonin,1.0,0.977,759810119,759810119,1670265095,21969.0,21999.0,32520.0,32550.0,26961.5,26991.5,21974,32532,26985,21994,32538,26968,False
serotonin,1.0,0.977,759810119,759810119,1640572741,21958.5,21988.5,32514.5,32544.5,26961.5,26991.5,21974,32532,26985,21973,32527,26968,False
serotonin,0.999898076057434,0.958,759810119,759810119,1859224808,20640.0,20670.0,36423.0,36453.0,26983.0,27013.0,20654,36445,26992,20656,36431,27004,False
serotonin,0.999984860420227,0.965,759810119,759810119,5813018460,23198.5,23228.5,29534.0,29564.0,27066.0,27096.0,23208,29539,27082,23219,29559,27080,False
serotonin,0.9966334700584412,0.973,759810119,759810119,1889547160,17702.5,17732.5,35217.0,35247.0,27060.0,27090.0,17713,35237,27082,17722,35227,27068,False
serotonin,0.9966334700584412,0.973,759810119,759810119,1640909284,17696.5,17726.5,35224.5,35254.5,27060.0,27090.0,17713,35237,27082,17710,35242,27068,False
serotonin,0.9999791383743286,0.977,759810119,759810119,1640922516,16900.0,16930.0,34368.5,34398.5,27110.5,27140.5,16918,34380,27121,16912,34387,27130,False
serotonin,0.9998868703842164,0.978,759810119,759810119,1640572741,18685.5,18715.5,30224.5,30254.5,27125.0,27155.0,18706,30240,27137,18695,30239,27143,False
serotonin,0.9993046522140504,0.986,759810119,759810119,5901206553,18073.5,18103.5,30201.5,30231.5,27160.0,27190.0,18095,30216,27176,18082,30217,27174,False
serotonin,0.9993046522140504,0.986,759810119,759810119,1640909284,18075.0,18105.0,30195.0,30225.0,27160.0,27190.0,18095,30216,27176,18085,30204,27174,False
serotonin,0.9999812841415404,0.954,759810119,759810119,5813024698,22863.5,22893.5,29659.5,29689.5,27184.5,27214.5,22882,29678,27206,22875,29671,27193,False
serotonin,1.0,0.953,759810119,759810119,5813054725,19872.5,19902.5,32939.0,32969.0,27198.5,27228.5,19880,32951,27209,19895,32957,27218,False
serotonin,0.9928517937660216,0.994,669325882,669325882,1658885859,11584.5,11614.5,17410.0,17440.0,27287.5,27317.5,11605,17423,27309,11594,17427,27296,False
serotonin,0.9999927282333374,0.964,759810119,759810119,573333835,22896.0,22926.0,30807.5,30837.5,27377.5,27407.5,22905,30830,27392,22917,30815,27393,False
serotonin,0.9996788501739502,0.956,759810119,759810119,1642623277,22140.5,22170.5,33602.0,33632.0,27396.5,27426.5,22160,33610,27410,22151,33624,27413,False
serotonin,0.9996788501739502,0.956,759810119,759810119,1640909284,22136.5,22166.5,33596.5,33626.5,27396.5,27426.5,22160,33610,27410,22143,33613,27413,False
serotonin,0.9985197186470032,0.997,759810119,759810119,1640909284,16432.0,16462.0,30547.5,30577.5,27414.0,27444.0,16444,30572,27430,16450,30553,27428,False
serotonin,0.994461178779602,0.991,759810119,759810119,5813024698,15462.5,15492.5,31620.5,31650.5,27490.5,27520.5,15483,31629,27505,15472,31642,27506,False
serotonin,0.9952754974365234,0.976,759810119,759810119,5813024698,17094.5,17124.5,29964.5,29994.5,27502.5,27532.5,17108,29978,27512,17111,29981,27523,False
serotonin,0.9952754974365234,0.976,759810119,759810119,5813018460,17089.5,17119.5,29957.0,29987.0,27499.5,27529.5,17108,29978,27512,17101,29966,27517,False
serotonin,0.9923080205917358,0.967,759810119,759810119,5813024698,16351.0,16381.0,31310.5,31340.5,27507.5,27537.5,16359,31319,27519,16373,31332,27526,False
serotonin,0.9923080205917358,0.967,759810119,759810119,1704347707,16341.5,16371.5,31308.0,31338.0,27507.5,27537.5,16359,31319,27519,16354,31327,27526,False
serotonin,0.9999785423278807,0.972,759810119,759810119,5813024698,20738.5,20768.5,31271.5,31301.5,27506.5,27536.5,20761,31283,27529,20746,31290,27514,False
serotonin,0.9999881982803344,0.978,759810119,759810119,1671292719,19116.0,19146.0,34800.0,34830.0,27519.0,27549.0,19137,34812,27538,19125,34818,27530,False
serotonin,0.9999881982803344,0.978,759810119,759810119,1640909284,19120.5,19150.5,34798.0,34828.0,27529.5,27559.5,19137,34812,27538,19134,34814,27551,False
serotonin,0.9997991919517516,0.991,759810119,759810119,5813024698,19353.5,19383.5,35254.5,35284.5,27536.5,27566.5,19362,35271,27545,19375,35268,27558,False
serotonin,0.999050796031952,0.955,669325882,669325882,1875181194,20709.5,20739.5,17048.5,17078.5,27533.5,27563.5,20720,17073,27552,20729,17054,27545,False
serotonin,0.999050796031952,0.955,669325882,669325882,1812485095,20702.0,20732.0,17058.0,17088.0,27533.5,27563.5,20720,17073,27552,20714,17073,27545,False
serotonin,0.9991220831871032,0.988,759810119,759810119,1640909284,18213.0,18243.0,31861.5,31891.5,27612.5,27642.5,18231,31871,27634,18225,31882,27621,False
serotonin,0.9997128844261168,0.978,759810119,759810119,5813024698,21647.5,21677.5,29907.5,29937.5,27635.5,27665.5,21655,29918,27654,21670,29927,27647,False
serotonin,0.9997128844261168,0.978,759810119,759810119,1671292719,21640.0,21670.0,29908.0,29938.0,27635.5,27665.5,21655,29918,27654,21655,29928,27647,False
serotonin,0.999760925769806,0.971,759810119,759810119,1639886198,19765.5,19795.5,34170.0,34200.0,27661.0,27691.0,19778,34184,27682,19783,34186,27670,False
serotonin,0.9999009370803832,0.976,759810119,759810119,698526273,20161.5,20191.5,34176.0,34206.0,27675.5,27705.5,20185,34190,27687,20168,34192,27694,False
serotonin,0.9999009370803832,0.976,759810119,759810119,1920629312,20170.0,20200.0,34175.0,34205.0,27677.0,27707.0,20185,34190,27687,20185,34190,27697,False
serotonin,0.9976084232330322,0.995,759810119,759810119,5813034493,16153.0,16183.0,36863.0,36893.0,27739.5,27769.5,16173,36875,27749,16163,36881,27760,False
serotonin,0.9976084232330322,0.995,759810119,759810119,1640909284,16153.5,16183.5,36865.5,36895.5,27729.5,27759.5,16173,36875,27749,16164,36886,27740,False
serotonin,0.9976084232330322,0.995,759810119,759810119,1640555311,16150.5,16180.5,36857.5,36887.5,27729.5,27759.5,16173,36875,27749,16158,36870,27740,False
serotonin,0.9984654188156128,0.99,759810119,759810119,5901206553,17065.5,17095.5,29796.5,29826.5,27778.0,27808.0,17079,29817,27798,17082,29806,27788,False
serotonin,0.9984654188156128,0.99,759810119,759810119,1640909284,17058.0,17088.0,29797.5,29827.5,27778.0,27808.0,17079,29817,27798,17067,29808,27788,False
serotonin,0.9986764788627625,0.989,669325882,669325882,5813123748,20784.0,20814.0,12968.0,12998.0,27858.0,27888.0,20803,12984,27877,20795,12982,27869,False
serotonin,0.9986764788627625,0.989,669325882,669325882,5812995553,20788.0,20818.0,12975.0,13005.0,27858.0,27888.0,20803,12984,27877,20803,12996,27869,False
serotonin,0.9926181435585022,0.981,759810119,759810119,5901206553,15485.5,15515.5,32918.0,32948.0,27869.0,27899.0,15500,32944,27889,15501,32922,27879,False
serotonin,0.9926181435585022,0.981,759810119,759810119,5813024698,15491.0,15521.0,32920.0,32950.0,27862.5,27892.5,15500,32944,27889,15512,32926,27866,False
serotonin,0.9926181435585022,0.981,759810119,759810119,1640909284,15493.5,15523.5,32924.5,32954.5,27869.0,27899.0,15500,32944,27889,15517,32935,27879,False
serotonin,0.9999947547912598,0.988,759810119,759810119,5813034493,18754.5,18784.5,30743.5,30773.5,27932.5,27962.5,18775,30762,27946,18764,30755,27949,False
serotonin,0.9980220794677734,0.985,669325882,669325882,1594286259,20607.0,20637.0,13634.5,13664.5,27989.0,28019.0,20633,13651,28004,20611,13648,28004,False
serotonin,0.9980220794677734,0.985,669325882,669325882,1448794542,20614.5,20644.5,13642.0,13672.0,27989.0,28019.0,20633,13651,28004,20626,13663,28004,False
serotonin,0.9984700083732604,0.959,759810119,759810119,5813024698,18720.5,18750.5,30698.0,30728.0,28125.0,28155.0,18738,30701,28138,18733,30725,28142,False
serotonin,0.9999980926513672,0.962,759810119,759810119,5813024698,17658.5,17688.5,36037.5,36067.5,28140.5,28170.5,17678,36051,28150,17669,36054,28161,False
serotonin,0.9999980926513672,0.962,759810119,759810119,1610530558,17656.0,17686.0,36035.0,36065.0,28134.0,28164.0,17678,36051,28150,17664,36049,28148,False
serotonin,1.0,0.963,759810119,759810119,762982753,21599.5,21629.5,33760.5,33790.5,28215.0,28245.0,21621,33778,28233,21608,33773,28227,False
serotonin,1.0,0.963,759810119,759810119,1640909284,21604.0,21634.0,33753.0,33783.0,28215.0,28245.0,21621,33778,28233,21617,33758,28227,False
serotonin,0.9999897480010986,0.958,759810119,759810119,5813024698,21823.5,21853.5,34956.5,34986.5,28268.5,28298.5,21844,34965,28288,21833,34978,28279,False
serotonin,0.9999897480010986,0.958,759810119,759810119,5813018460,21822.0,21852.0,34954.0,34984.0,28276.5,28306.5,21844,34965,28288,21830,34973,28295,False
serotonin,0.9999897480010986,0.958,759810119,759810119,1636233881,21825.0,21855.0,34946.0,34976.0,28268.5,28298.5,21844,34965,28288,21836,34957,28279,False
serotonin,0.9996527433395386,0.952,759810119,759810119,1794055377,19189.0,19219.0,32537.0,32567.0,28281.5,28311.5,19203,32551,28304,19205,32553,28289,False
serotonin,0.9943853616714478,0.999,759810119,759810119,5901206553,16414.5,16444.5,32517.5,32547.5,28297.5,28327.5,16426,32523,28306,16433,32542,28319,False
serotonin,0.9943853616714478,0.999,759810119,759810119,1640909284,16416.0,16446.0,32504.5,32534.5,28297.5,28327.5,16426,32523,28306,16436,32516,28319,False
serotonin,0.9999984502792358,0.97,759810119,759810119,5901206553,19342.5,19372.5,33539.5,33569.5,28336.5,28366.5,19360,33561,28354,19355,33548,28349,False
serotonin,0.9999984502792358,0.97,759810119,759810119,5813054725,19335.5,19365.5,33546.0,33576.0,28334.5,28364.5,19360,33561,28354,19341,33561,28345,False
serotonin,0.9946225881576538,0.954,759810119,759810119,1671292719,17463.5,17493.5,30743.0,30773.0,28373.0,28403.0,17480,30751,28386,17477,30765,28390,False
serotonin,0.9929797053337096,0.993,759810119,759810119,5813024698,20950.0,20980.0,33723.5,33753.5,28381.0,28411.0,20961,33731,28393,20969,33746,28399,False
serotonin,0.999842643737793,0.989,759810119,759810119,1825789179,19441.5,19471.5,33280.5,33310.5,28377.5,28407.5,19448,33295,28395,19465,33296,28390,False
serotonin,0.9921422004699708,0.979,759810119,759810119,1887163927,19368.5,19398.5,33100.0,33130.0,28423.0,28453.0,19391,33115,28436,19376,33115,28440,False
serotonin,0.990756094455719,0.959,759810119,759810119,1699974843,21846.0,21876.0,34287.5,34317.5,28484.0,28514.0,21851,34301,28496,21871,34304,28502,False
serotonin,0.9994090795516968,0.959,759810119,759810119,5813024698,22451.5,22481.5,35394.0,35424.0,28546.0,28576.0,22460,35410,28568,22473,35408,28554,False
serotonin,0.9924069046974182,0.964,791527493,791527493,1193953231,21174.0,21204.0,12302.0,12332.0,28564.0,28594.0,21185,12310,28576,21193,12324,28582,False
serotonin,0.9985435009002686,0.979,759810119,759810119,5813069085,18149.5,18179.5,32947.0,32977.0,28704.5,28734.5,18160,32958,28717,18169,32966,28722,False
serotonin,0.9985435009002686,0.979,759810119,759810119,1794055377,18141.5,18171.5,32946.5,32976.5,28704.5,28734.5,18160,32958,28717,18153,32965,28722,False
serotonin,0.999725878238678,0.963,759810119,759810119,5813024698,23275.0,23305.0,33345.0,33375.0,28760.5,28790.5,23295,33360,28770,23285,33360,28781,False
serotonin,0.999725878238678,0.963,759810119,759810119,1640572741,23281.0,23311.0,33349.0,33379.0,28760.5,28790.5,23295,33360,28770,23297,33368,28781,False
serotonin,0.996034562587738,0.971,759810119,759810119,5813024698,23645.5,23675.5,30820.5,30850.5,28793.0,28823.0,23658,30835,28817,23663,30836,28799,False
serotonin,0.9939727187156676,0.958,791527493,791527493,5813064410,22186.5,22216.5,16690.5,16720.5,28824.5,28854.5,22197,16702,28835,22206,16709,28844,False
serotonin,0.9931507110595704,0.971,759810119,759810119,1640909284,23569.5,23599.5,31481.0,31511.0,28875.0,28905.0,23586,31489,28890,23583,31503,28890,False
serotonin,0.9984105825424194,0.967,759810119,759810119,5901218894,14879.0,14909.0,32712.0,32742.0,28881.0,28911.0,14889,32731,28891,14899,32723,28901,False
serotonin,0.9984105825424194,0.967,759810119,759810119,5901206553,14876.5,14906.5,32704.0,32734.0,28875.5,28905.5,14889,32731,28891,14894,32707,28890,False
serotonin,0.9984105825424194,0.967,759810119,759810119,1640909284,14882.0,14912.0,32714.0,32744.0,28875.5,28905.5,14889,32731,28891,14905,32727,28890,False
serotonin,0.9996836185455322,0.993,759810119,759810119,5813024698,17194.5,17224.5,29694.0,29724.0,28900.5,28930.5,17205,29707,28920,17214,29711,28911,False
serotonin,0.9996836185455322,0.993,759810119,759810119,1671292719,17194.0,17224.0,29685.0,29715.0,28900.5,28930.5,17205,29707,28920,17213,29693,28911,False
serotonin,0.9971484541893004,0.972,759810119,759810119,2041967509,15398.0,15428.0,31778.0,31808.0,28943.5,28973.5,15402,31795,28958,15424,31791,28959,False
serotonin,0.9999303817749025,0.977,759810119,759810119,1887867926,20505.5,20535.5,34373.0,34403.0,29200.0,29230.0,20513,34397,29219,20528,34379,29211,False
serotonin,0.9999303817749025,0.977,759810119,759810119,1826121523,20497.0,20527.0,34371.5,34401.5,29200.0,29230.0,20513,34397,29219,20511,34376,29211,False
serotonin,0.9984423518180848,0.951,759810119,759810119,1640909284,18955.0,18985.0,31664.5,31694.5,29212.0,29242.0,18966,31690,29222,18974,31669,29232,False
serotonin,0.9992340803146362,0.954,759810119,759810119,1765415970,20362.0,20392.0,35073.0,35103.0,29197.5,29227.5,20375,35083,29222,20379,35093,29203,False
serotonin,1.0,0.951,759810119,759810119,1640909284,19152.5,19182.5,32624.5,32654.5,29339.5,29369.5,19157,32642,29356,19178,32637,29353,False
serotonin,0.9998973608016968,0.978,759810119,759810119,1794055377,17557.5,17587.5,30975.0,31005.0,29344.5,29374.5,17565,30983,29360,17580,30997,29359,False
serotonin,0.9929144382476808,0.959,759810119,759810119,5813077788,20195.0,20225.0,29505.0,29535.0,29340.5,29370.5,20209,29516,29361,20211,29524,29350,False
serotonin,0.9929144382476808,0.959,759810119,759810119,1856820042,20190.5,20220.5,29503.5,29533.5,29349.0,29379.0,20209,29516,29361,20202,29521,29367,False
serotonin,0.9902888536453248,0.968,759810119,759810119,1794055377,16335.0,16365.0,30721.5,30751.5,29548.0,29578.0,16345,30740,29571,16355,30733,29555,False
serotonin,0.9995644688606262,0.988,759810119,759810119,1826458709,18129.0,18159.0,33110.5,33140.5,29740.0,29770.0,18147,33133,29754,18141,33118,29756,False
serotonin,0.9995644688606262,0.988,759810119,759810119,1763728340,18138.0,18168.0,33119.0,33149.0,29740.0,29770.0,18147,33133,29754,18159,33135,29756,False
serotonin,0.9999780654907228,0.993,759810119,759810119,5813054726,20647.0,20677.0,35208.0,35238.0,29783.0,29813.0,20660,35224,29805,20664,35222,29791,False
serotonin,0.9999780654907228,0.993,759810119,759810119,5813024698,20645.0,20675.0,35219.5,35249.5,29783.0,29813.0,20660,35224,29805,20660,35245,29791,False
serotonin,0.9987634420394896,0.971,759810119,759810119,1640909284,19751.0,19781.0,28766.0,28796.0,29841.5,29871.5,19769,28776,29861,19763,28786,29852,False
serotonin,0.9909628033638,0.992,759810119,759810119,1640909284,13740.5,13770.5,31725.0,31755.0,29903.0,29933.0,13746,31736,29917,13765,31744,29919,False
serotonin,0.9906933903694152,0.965,759810119,759810119,5813024698,22160.0,22190.0,35962.0,35992.0,29902.5,29932.5,22175,35969,29920,22175,35985,29915,False
serotonin,0.9998817443847656,0.986,759810119,759810119,5813024698,19441.5,19471.5,35082.5,35112.5,29920.5,29950.5,19449,35097,29941,19464,35098,29930,False
serotonin,0.999841332435608,0.973,759810119,759810119,5901218894,18685.5,18715.5,28719.5,28749.5,29926.0,29956.0,18702,28739,29945,18699,28730,29937,False
serotonin,0.999841332435608,0.973,759810119,759810119,1640909284,18682.5,18712.5,28726.0,28756.0,29926.0,29956.0,18702,28739,29945,18693,28743,29937,False
serotonin,0.9999927282333374,0.965,759810119,759810119,1704347707,19786.5,19816.5,33007.0,33037.0,29928.5,29958.5,19811,33027,29951,19792,33017,29936,False
serotonin,0.9999927282333374,0.965,759810119,759810119,1640909284,19793.0,19823.0,33016.0,33046.0,29940.0,29970.0,19811,33027,29951,19805,33035,29959,False
serotonin,0.9999270439147948,0.973,759810119,759810119,5813024698,19286.5,19316.5,35087.5,35117.5,29932.5,29962.5,19300,35108,29952,19303,35097,29943,False
serotonin,0.9999270439147948,0.973,759810119,759810119,1672320134,19289.0,19319.0,35094.5,35124.5,29932.5,29962.5,19300,35108,29952,19308,35111,29943,False
serotonin,0.9999997615814208,0.982,759810119,759810119,1640909284,20161.0,20191.0,29496.5,29526.5,30099.5,30129.5,20172,29509,30120,20180,29514,30109,False
serotonin,0.9907105565071106,0.973,759810119,759810119,5901206553,20738.5,20768.5,30853.5,30883.5,30179.5,30209.5,20752,30861,30201,20755,30876,30188,False
serotonin,0.9907105565071106,0.973,759810119,759810119,5813024698,20742.0,20772.0,30848.0,30878.0,30179.5,30209.5,20752,30861,30201,20762,30865,30188,False
serotonin,0.9907105565071106,0.973,759810119,759810119,1671257931,20736.0,20766.0,30845.5,30875.5,30179.5,30209.5,20752,30861,30201,20750,30860,30188,False
serotonin,0.997571051120758,0.971,759810119,759810119,5813024698,21829.0,21859.0,35080.0,35110.0,30218.0,30248.0,21844,35102,30237,21844,35088,30229,False
serotonin,0.999599277973175,0.99,759810119,759810119,5813024698,18860.5,18890.5,28948.0,28978.0,30230.0,30260.0,18872,28964,30240,18879,28962,30250,False
serotonin,0.999897837638855,0.963,791527493,791527493,5813075779,20528.0,20558.0,10075.5,10105.5,30237.0,30267.0,20540,10091,30246,20546,10090,30258,False
serotonin,0.999897837638855,0.963,791527493,791527493,5813039124,20531.5,20561.5,10067.0,10097.0,30237.0,30267.0,20540,10091,30246,20553,10073,30258,False
serotonin,0.999680995941162,0.966,759810119,759810119,1640909284,19795.5,19825.5,28518.0,28548.0,30373.5,30403.5,19808,28539,30383,19813,28527,30394,False
serotonin,0.999972939491272,0.96,759810119,759810119,5813024698,19789.0,19819.0,34604.0,34634.0,30394.5,30424.5,19796,34615,30408,19812,34623,30411,False
serotonin,0.999972939491272,0.96,759810119,759810119,1671257931,19779.0,19809.0,34607.0,34637.0,30397.5,30427.5,19796,34615,30408,19792,34629,30417,False
serotonin,0.9970515966415404,0.995,759810119,759810119,5813024698,19346.0,19376.0,31244.5,31274.5,30397.5,30427.5,19355,31265,30417,19367,31254,30408,False
serotonin,0.9912863373756408,0.994,791527493,791527493,5813054846,11024.0,11054.0,17196.5,17226.5,30441.0,30471.0,11035,17215,30454,11043,17208,30458,False
serotonin,0.9972412586212158,0.973,759810119,759810119,5901206553,20334.0,20364.0,31331.5,31361.5,30450.0,30480.0,20352,31352,30465,20346,31341,30465,False
serotonin,0.9972412586212158,0.973,759810119,759810119,5813034493,20342.0,20372.0,31333.0,31363.0,30457.0,30487.0,20352,31352,30465,20362,31344,30479,False
serotonin,0.9970831274986268,0.967,759810119,759810119,5813018460,15008.5,15038.5,30454.0,30484.0,30570.0,30600.0,15019,30473,30588,15028,30465,30582,False
serotonin,1.0,0.971,759810119,759810119,1640909284,20027.0,20057.0,30195.5,30225.5,30720.5,30750.5,20040,30220,30733,20044,30201,30738,False
serotonin,1.0,0.971,759810119,759810119,1640572741,20019.5,20049.5,30198.0,30228.0,30720.5,30750.5,20040,30220,30733,20029,30206,30738,False
serotonin,0.999980330467224,0.974,759810119,759810119,2138197442,20583.0,20613.0,35141.0,35171.0,30770.5,30800.5,20598,35158,30791,20598,35154,30780,False
serotonin,0.999980330467224,0.974,759810119,759810119,1640909284,20587.0,20617.0,35149.0,35179.0,30770.5,30800.5,20598,35158,30791,20606,35170,30780,False
serotonin,0.9999626874923706,0.992,759810119,759810119,1640909284,19166.0,19196.0,33255.0,33285.0,30869.0,30899.0,19176,33275,30881,19186,33265,30887,False
serotonin,0.999618649482727,0.989,759810119,759810119,5813024698,15015.5,15045.5,31706.5,31736.5,31086.5,31116.5,15026,31726,31108,15035,31717,31095,False
serotonin,0.999618649482727,0.989,759810119,759810119,1671292719,15009.5,15039.5,31707.5,31737.5,31086.5,31116.5,15026,31726,31108,15023,31719,31095,False
serotonin,1.0,0.955,759810119,759810119,1699974843,19861.5,19891.5,28154.5,28184.5,31239.0,31269.0,19868,28166,31253,19885,28173,31255,False
serotonin,1.0,0.955,759810119,759810119,1640909284,19862.5,19892.5,28147.0,28177.0,31239.0,31269.0,19868,28166,31253,19887,28158,31255,False
serotonin,0.9916270971298218,0.991,759810119,759810119,1640909284,20685.5,20715.5,35630.5,35660.5,31354.5,31384.5,20694,35649,31366,20707,35642,31373,False
serotonin,0.9997478127479552,0.959,759810119,759810119,1794055377,19792.5,19822.5,29575.5,29605.5,31368.5,31398.5,19803,29591,31390,19812,29590,31377,False
serotonin,0.9997478127479552,0.959,759810119,759810119,1639886198,19795.0,19825.0,29572.5,29602.5,31376.0,31406.0,19803,29591,31390,19817,29584,31392,False
serotonin,0.9999980926513672,0.961,759810119,759810119,5813024698,20376.0,20406.0,28800.0,28830.0,31396.0,31426.0,20391,28811,31418,20391,28819,31404,False
serotonin,0.999975562095642,0.962,759810119,759810119,5813034493,17066.5,17096.5,33920.0,33950.0,31427.0,31457.0,17086,33937,31445,17077,33933,31439,False
serotonin,0.999975562095642,0.962,759810119,759810119,5813024698,17071.0,17101.0,33919.5,33949.5,31422.0,31452.0,17086,33937,31445,17086,33932,31429,False
serotonin,0.9997534155845642,0.986,759810119,759810119,5813024698,21163.0,21193.0,32861.5,32891.5,31513.5,31543.5,21170,32879,31526,21186,32874,31531,False
serotonin,0.9999992847442628,0.958,759810119,759810119,5901206553,19323.0,19353.0,32784.5,32814.5,31567.5,31597.5,19338,32793,31583,19338,32806,31582,False
serotonin,0.9999992847442628,0.958,759810119,759810119,5813024698,19329.5,19359.5,32781.0,32811.0,31567.5,31597.5,19338,32793,31583,19351,32799,31582,False
serotonin,0.999948263168335,0.985,759810119,759810119,5813018460,19693.0,19723.0,32460.0,32490.0,31565.5,31595.5,19708,32477,31590,19708,32473,31571,False
serotonin,0.999948263168335,0.985,759810119,759810119,1640909284,19697.0,19727.0,32470.0,32500.0,31576.5,31606.5,19708,32477,31590,19716,32493,31593,False
serotonin,0.9976478219032288,0.957,759810119,759810119,5813034493,19279.0,19309.0,28447.5,28477.5,31590.0,31620.0,19298,28458,31600,19290,28467,31610,False
serotonin,0.9976478219032288,0.957,759810119,759810119,1704347707,19277.5,19307.5,28444.5,28474.5,31578.0,31608.0,19298,28458,31600,19287,28461,31586,False
serotonin,0.9971844553947448,0.962,669325882,669325882,2028718812,20827.0,20857.0,10769.5,10799.5,31593.5,31623.5,20845,10782,31605,20839,10787,31612,False
serotonin,0.9971844553947448,0.962,669325882,669325882,1812485095,20826.5,20856.5,10776.5,10806.5,31593.5,31623.5,20845,10782,31605,20838,10801,31612,False
serotonin,0.9999719858169556,0.991,759810119,759810119,1640909284,20940.0,20970.0,34286.0,34316.0,31601.0,31631.0,20960,34303,31621,20950,34299,31611,False
serotonin,0.9970280528068542,0.965,759810119,759810119,1916485259,19502.0,19532.0,33483.0,33513.0,31645.5,31675.5,19505,33489,31663,19529,33507,31658,False
serotonin,0.9970280528068542,0.965,759810119,759810119,1885765762,19490.0,19520.0,33476.5,33506.5,31653.5,31683.5,19505,33489,31663,19505,33494,31674,False
serotonin,0.9997392296791076,0.988,759810119,759810119,2198532315,17072.0,17102.0,33974.0,34004.0,31663.0,31693.0,17093,33995,31676,17081,33983,31680,False
serotonin,0.9995481371879578,0.987,759810119,759810119,2225845656,20313.5,20343.5,28789.0,28819.0,31722.5,31752.5,20324,28813,31738,20333,28795,31737,False
serotonin,0.999958872795105,0.982,759810119,759810119,1704347707,19736.5,19766.5,32865.0,32895.0,31851.5,31881.5,19751,32880,31860,19752,32880,31873,False
serotonin,0.999958872795105,0.982,759810119,759810119,1699974843,19743.0,19773.0,32861.5,32891.5,31846.0,31876.0,19751,32880,31860,19765,32873,31862,False
serotonin,0.9999947547912598,0.986,759810119,759810119,1640909284,19728.5,19758.5,33621.5,33651.5,31912.5,31942.5,19749,33642,31933,19738,33631,31922,False
serotonin,0.9999995231628418,0.978,759810119,759810119,574032862,17209.5,17239.5,34275.0,34305.0,32080.0,32110.0,17231,34284,32096,17218,34296,32094,False
serotonin,0.999997615814209,0.981,759810119,759810119,5813018460,19817.5,19847.5,33928.5,33958.5,32097.0,32127.0,19828,33939,32109,19837,33948,32115,False
serotonin,0.999997615814209,0.981,759810119,759810119,1640909284,19808.0,19838.0,33930.5,33960.5,32097.0,32127.0,19828,33939,32109,19818,33952,32115,False
serotonin,0.9998558759689332,0.973,759810119,759810119,5813018460,20295.5,20325.5,34022.5,34052.5,32319.0,32349.0,20321,34037,32334,20300,34038,32334,False
serotonin,0.9998558759689332,0.973,759810119,759810119,2041621893,20316.5,20346.5,34012.0,34042.0,32322.5,32352.5,20321,34037,32334,20342,34017,32341,False
serotonin,0.9998558759689332,0.973,759810119,759810119,1640909284,20306.0,20336.0,34025.5,34055.5,32329.0,32359.0,20321,34037,32334,20321,34044,32354,False
serotonin,0.99949312210083,0.985,669325882,669325882,5812991378,14137.0,14167.0,14884.0,14914.0,32694.0,32724.0,14156,14899,32706,14148,14899,32712,False
serotonin,0.99949312210083,0.985,669325882,669325882,2184506420,14142.0,14172.0,14890.5,14920.5,32694.0,32724.0,14156,14899,32706,14158,14912,32712,False
serotonin,0.9984449744224548,0.965,669325882,669325882,5813041065,19847.5,19877.5,10033.5,10063.5,33279.0,33309.0,19858,10057,33295,19867,10040,33293,False
serotonin,0.9964974522590636,0.993,669325882,669325882,944249308,16485.0,16515.0,21480.0,21510.0,33843.5,33873.5,16505,21500,33856,16495,21490,33861,False
