neurotransmitter,neuron_class,bodyId_pre,bodyId_post,roi_post,x_pre,y_pre,z_pre,x_post,y_post,z_post,confidence_pre,confidence_post
glutamate,neuron1,154692,31807290399,LegNp(T2)(L),16996,30302,39916,17002,30296,39955,0.974,0.625761
glutamate,neuron1,154692,23921,LegNp(T2)(L),15075,35844,33555,15088,35871,33572,0.971,0.889478
glutamate,neuron1,154692,12709,LegNp(T2)(L),16058,24827,35697,16041,24833,35698,0.971,1.0
glutamate,neuron1,154692,11750,LegNp(T2)(L),17267,30720,31206,17284,30706,31203,0.97,0.278505
glutamate,neuron1,154692,33441784777,LegNp(T2)(L),18625,29671,41889,18642,29700,41886,0.962,0.696164
glutamate,neuron1,154692,29780074557,LegNp(T2)(L),14380,33988,37081,14357,33997,37087,0.981,0.996692
glutamate,neuron1,154692,449233219808,LTct,18885,28282,41018,18895,28284,41033,0.962,0.999998
glutamate,neuron1,154692,12685,LegNp(T2)(L),16197,31407,38609,16182,31420,38630,0.969,0.905348
glutamate,neuron1,154692,26483245076,LegNp(T2)(L),16164,31923,33108,16182,31957,33080,0.969,0.390986
glutamate,neuron1,154692,27300061999,LegNp(T2)(L),11756,31528,33879,11772,31550,33904,0.979,0.786651
glutamate,neuron1,154692,10440,LegNp(T2)(L),17719,30122,38647,17718,30137,38670,0.969,0.999805
glutamate,neuron1,154692,27738875017,LegNp(T2)(L),13760,35902,34505,13741,35936,34505,0.968,0.267011
glutamate,neuron1,154692,14894,LegNp(T2)(L),18594,29304,31869,18580,29278,31863,0.968,0.998692
glutamate,neuron1,154692,10841,LegNp(T2)(L),16055,31913,33446,16080,31893,33460,0.962,0.293159
glutamate,neuron1,154692,25234695315,LegNp(T2)(L),18643,29348,31742,18628,29372,31758,0.971,0.959332
glutamate,neuron1,154692,16930,LegNp(T2)(L),18507,28977,32262,18546,28954,32277,0.963,0.839884
glutamate,neuron1,154692,26483132615,LegNp(T2)(L),14667,31917,33474,14650,31919,33457,0.971,0.751018
glutamate,neuron1,154692,17046,LegNp(T2)(L),14485,34568,34099,14485,34551,34093,0.983,1.0
glutamate,neuron1,154692,25241528318,LegNp(T2)(L),15773,30339,31388,15759,30324,31421,0.968,0.974965
glutamate,neuron1,154692,10221,LTct,20790,30358,43425,20797,30358,43452,0.967,0.942372
glutamate,neuron1,154692,30172742122,LegNp(T2)(L),14298,31667,37590,14326,31666,37606,0.971,0.716731
glutamate,neuron1,154692,26451646823,LegNp(T2)(L),19091,27523,33219,19116,27534,33228,0.969,0.994765
glutamate,neuron1,154692,26451608871,LegNp(T2)(L),19169,27543,33109,19148,27544,33103,0.967,0.99837
glutamate,neuron1,154692,23492,LegNp(T2)(L),15750,31982,39047,15720,31985,39037,0.962,0.415632
glutamate,neuron1,154692,26458722355,LegNp(T2)(L),19383,28710,33287,19389,28730,33276,0.97,1.0
glutamate,neuron1,154692,30537268127,LegNp(T2)(L),16081,24990,38278,16084,25006,38312,0.963,0.447012
glutamate,neuron1,154692,30548082360,LegNp(T2)(L),18991,26400,38492,19010,26400,38480,0.969,0.937711
glutamate,neuron1,154692,26448074226,LegNp(T2)(L),18939,27209,33353,18966,27196,33335,0.961,0.266037
glutamate,neuron1,154692,12360,LegNp(T2)(L),17277,29283,30674,17275,29323,30662,0.969,0.875373
glutamate,neuron1,154692,29769623060,LegNp(T2)(L),16277,32899,37619,16301,32920,37595,0.962,0.96058
glutamate,neuron1,154692,13243,LegNp(T2)(L),19640,26020,34498,19638,26032,34527,0.97,0.656463
glutamate,neuron1,154692,30151561468,LegNp(T2)(L),14697,28567,38175,14708,28555,38191,0.977,0.99899
glutamate,neuron1,154692,26500819472,LegNp(T2)(L),14591,34684,33314,14611,34698,33317,0.966,0.979438
glutamate,neuron1,154692,27672131895,LegNp(T2)(L),19733,25931,34468,19719,25945,34455,0.969,0.925703
glutamate,neuron1,154692,29369758741,LegNp(T2)(L),14724,34287,36477,14753,34277,36474,0.963,0.661135
glutamate,neuron1,154692,31372164904,LegNp(T2)(L),16556,26927,39206,16562,26943,39199,0.963,0.999989
glutamate,neuron1,154692,17900,LegNp(T2)(L),20201,26294,35009,20208,26275,35025,0.963,0.996994
glutamate,neuron1,154692,27672133922,LegNp(T2)(L),19640,26020,34498,19630,26034,34491,0.97,0.990987
glutamate,neuron1,154692,24006,LegNp(T2)(L),18336,29561,37692,18354,29555,37694,0.982,0.99981
glutamate,neuron1,154692,17900,LTct,21321,25776,35424,21321,25787,35434,0.97,1.0
glutamate,neuron1,154692,28135159524,LegNp(T2)(L),14634,33847,35122,14647,33868,35099,0.969,0.984623
glutamate,neuron1,154692,34266150005,LTct,20312,30154,42882,20311,30172,42893,0.971,1.0
glutamate,neuron1,154692,28899501869,LegNp(T2)(L),17782,25698,36049,17777,25675,36035,0.971,0.855591
glutamate,neuron1,154692,11015,LegNp(T2)(L),15127,31811,39233,15118,31784,39242,0.965,0.955909
glutamate,neuron1,154692,29730901776,LegNp(T2)(L),18691,26858,36979,18723,26839,37003,0.964,0.485742
glutamate,neuron1,154692,30958002245,LegNp(T2)(L),13374,26356,38951,13374,26371,38927,0.973,0.71095
glutamate,neuron1,154692,32627996237,LegNp(T2)(L),16853,30460,40914,16831,30449,40939,0.968,0.579103
glutamate,neuron1,154692,11141,LegNp(T2)(L),16244,26281,38813,16218,26284,38817,0.964,0.907333
glutamate,neuron1,154692,30183510269,LegNp(T2)(L),16289,32989,37459,16305,32983,37464,0.965,0.998804
glutamate,neuron1,154692,28809,LegNp(T2)(L),18487,29700,41866,18488,29719,41870,0.965,0.999999
glutamate,neuron2,12596,30181234107,LegNp(T2)(R),32510,32499,37725,32518,32503,37712,0.961,1.0
glutamate,neuron2,12596,26088025499,LegNp(T2)(R),29312,34189,32788,29316,34197,32766,0.979,0.999999
glutamate,neuron2,12596,27330096474,LegNp(T2)(R),34374,35773,34336,34376,35789,34312,0.968,0.673216
glutamate,neuron2,12596,14828,LegNp(T2)(R),32028,35535,39789,32012,35559,39763,0.976,0.47725
glutamate,neuron2,12596,22844147401,LegNp(T2)(R),29423,39818,28799,29411,39797,28770,0.967,0.742874
glutamate,neuron2,12596,26470476698,LegNp(T2)(R),34264,30153,33311,34259,30148,33330,0.97,0.999998
glutamate,neuron2,12596,20943,LegNp(T2)(R),33751,29982,35762,33776,29955,35768,0.971,0.869636
glutamate,neuron2,12596,100871,LegNp(T2)(R),32365,38366,33466,32344,38368,33457,0.973,0.999126
glutamate,neuron2,12596,15398,LegNp(T2)(R),33481,29760,31596,33456,29759,31595,0.962,0.985857
glutamate,neuron2,12596,18479,LegNp(T2)(R),27162,32381,29904,27155,32360,29867,0.965,0.470095
glutamate,neuron2,12596,12678,LegNp(T2)(R),31469,30945,36561,31484,30917,36569,0.966,0.476474
glutamate,neuron2,12596,15671,LegNp(T2)(R),30148,39965,30823,30111,39989,30805,0.962,0.228176
glutamate,neuron2,12596,29399395799,LegNp(T2)(R),32209,38312,36514,32204,38329,36517,0.969,0.999992
glutamate,neuron2,12596,17188,LegNp(T2)(R),33631,36577,31429,33617,36562,31432,0.966,0.999989
glutamate,neuron2,12596,11967,LegNp(T2)(R),32487,32381,37743,32460,32359,37742,0.963,0.791538
glutamate,neuron2,12596,12568,LegNp(T2)(R),29933,34886,32912,29897,34881,32899,0.965,0.517041
glutamate,neuron2,12596,10186,LegNp(T2)(R),30000,40220,31315,30008,40237,31325,0.98,1.0
glutamate,neuron2,12596,17188,LegNp(T2)(R),30073,33733,36294,30062,33713,36314,0.968,0.869868
glutamate,neuron2,12596,27729873337,LegNp(T2)(R),34696,34202,34662,34709,34229,34638,0.969,0.695538
glutamate,neuron2,12596,27333356995,LegNp(T2)(R),30945,36046,34349,30938,36059,34362,0.976,0.999994
glutamate,neuron2,12596,14456,LegNp(T2)(R),30263,39980,30031,30272,39987,30006,0.98,0.719301
glutamate,neuron2,12596,11945,LegNp(T2)(R),35385,32976,35971,35410,32955,35993,0.963,0.999999
glutamate,neuron2,12596,14980,LegNp(T2)(R),29319,30313,29197,29304,30332,29212,0.973,0.998108
glutamate,neuron2,12596,18479,LegNp(T2)(R),29806,39511,30407,29813,39536,30401,0.972,0.910038
glutamate,neuron2,12596,28171908451,LegNp(T2)(R),32671,38624,35044,32640,38613,35023,0.97,0.489542
glutamate,neuron2,12596,12028,LegNp(T2)(R),30135,40109,31023,30147,40094,31029,0.973,0.99997
glutamate,neuron2,12596,24970,LegNp(T2)(R),27107,39863,27821,27139,39829,27830,0.972,0.491972
glutamate,neuron2,12596,25674132095,LegNp(T2)(R),28896,33828,32025,28895,33818,32062,0.974,0.511259
glutamate,neuron2,12596,28547084316,LegNp(T2)(R),35126,33500,35481,35115,33540,35486,0.973,0.264008
glutamate,neuron2,12596,27744023664,LegNp(T2)(R),34411,35952,34411,34416,35959,34428,0.965,0.999976
glutamate,neuron2,12596,12067,LegNp(T2)(R),32370,37063,37540,32376,37071,37524,0.973,1.0
glutamate,neuron2,12596,18594,LegNp(T2)(R),32509,37877,37663,32505,37847,37694,0.967,0.472465
glutamate,neuron2,12596,10542,LegNp(T2)(R),31481,30652,34506,31472,30687,34489,0.976,0.499513
glutamate,neuron2,12596,10537,LegNp(T2)(R),34997,33913,35079,35018,33923,35084,0.974,1.0
glutamate,neuron2,12596,24874959850,LegNp(T2)(R),33346,36695,30792,33344,36708,30817,0.963,0.287095
glutamate,neuron2,12596,26105907122,LegNp(T2)(R),31720,36775,32496,31726,36803,32503,0.972,0.635977
glutamate,neuron2,12596,23664930589,LegNp(T2)(R),30522,39880,29672,30547,39893,29668,0.963,0.888887
glutamate,neuron2,12596,22023246737,LegNp(T2)(R),27107,39863,27821,27072,39847,27835,0.972,0.330846
glutamate,neuron2,12596,12067,LegNp(T2)(R),31784,35881,37159,31766,35888,37146,0.976,0.927099
glutamate,neuron2,12596,31840263221,LegNp(T2)(R),31536,35465,39821,31513,35431,39820,0.969,0.429763
glutamate,neuron2,12596,17188,LegNp(T2)(R),30267,28979,30424,30268,28962,30441,0.967,0.999285
glutamate,neuron2,12596,20455,LegNp(T2)(R),35496,31555,35840,35529,31542,35817,0.98,0.454113
glutamate,neuron2,12596,26950952008,LegNp(T2)(R),25976,40341,33659,25976,40322,33688,0.965,0.300496
glutamate,neuron2,12596,17559,LegNp(T2)(R),32421,35765,38389,32442,35781,38398,0.981,0.96398
glutamate,neuron2,12596,10412,LegNp(T2)(R),32614,33728,37879,32639,33745,37882,0.968,0.811538
glutamate,neuron2,12596,18594,LegNp(T2)(R),33192,37519,33618,33182,37504,33626,0.98,1.0
glutamate,neuron2,12596,29763999281,LegNp(T2)(R),35174,31710,37164,35200,31715,37164,0.973,0.354649
glutamate,neuron2,12596,10972,LegNp(T2)(R),32909,29712,35887,32890,29717,35900,0.965,0.999696
glutamate,neuron2,12596,11395,LegNp(T2)(R),32370,37063,37540,32354,37084,37542,0.973,0.995097
glutamate,neuron2,12596,24482020474,LegNp(T2)(R),29775,39337,30363,29787,39314,30365,0.961,0.981015
glutamate,neuron3,17322,10072,LegNp(T2)(R),32516,36751,37185,32508,36765,37196,0.972,0.990657
glutamate,neuron3,17322,27743950238,LegNp(T2)(R),33644,36372,34920,33614,36355,34928,0.966,0.512345
glutamate,neuron3,17322,10146,LegNp(T2)(R),31969,34877,33713,31988,34869,33726,0.966,0.996317
glutamate,neuron3,17322,10745,LegNp(T2)(R),31113,39534,31568,31090,39555,31569,0.969,0.413431
glutamate,neuron3,17322,10072,LegNp(T2)(R),32604,34260,36955,32611,34242,36966,0.964,0.999903
glutamate,neuron3,17322,27687147041,LegNp(T2)(R),31592,28238,34738,31576,28207,34738,0.966,0.654272
glutamate,neuron3,17322,11109,LegNp(T2)(R),31051,29084,33494,31025,29075,33503,0.973,0.905879
glutamate,neuron3,17322,27740485391,LegNp(T2)(R),34604,35909,34444,34619,35904,34428,0.961,1.0
glutamate,neuron3,17322,27323022009,LegNp(T2)(R),34289,34694,34243,34280,34679,34261,0.965,0.971881
glutamate,neuron3,17322,28957128126,LegNp(T2)(R),31224,33645,36344,31253,33643,36344,0.963,0.956957
glutamate,neuron3,17322,10072,LegNp(T2)(R),30867,29220,34518,30845,29220,34511,0.966,1.0
glutamate,neuron3,17322,14480,LegNp(T2)(R),33715,30358,33674,33725,30344,33650,0.967,1.0
glutamate,neuron3,17322,10431,LegNp(T2)(R),34670,30529,37318,34690,30564,37328,0.962,0.315119
glutamate,neuron3,17322,27694263025,LegNp(T2)(R),31473,29232,34641,31484,29233,34627,0.971,0.994425
glutamate,neuron3,17322,14424,LegNp(T2)(R),30102,30111,29330,30113,30132,29349,0.985,0.512465
glutamate,neuron3,17322,12678,LegNp(T2)(R),31854,36950,36663,31837,36971,36648,0.966,0.558019
glutamate,neuron3,17322,28522129050,LegNp(T2)(R),32655,30116,35831,32645,30092,35794,0.972,0.476335
glutamate,neuron3,17322,30202461817,LegNp(T2)(R),32628,35422,38047,32625,35442,38037,0.964,0.790597
glutamate,neuron3,17322,14424,LegNp(T2)(R),32720,34717,38871,32707,34720,38887,0.961,0.999995
glutamate,neuron3,17322,23993803568,LegNp(T2)(R),29515,27857,30234,29489,27870,30225,0.963,0.847253
glutamate,neuron3,17322,12241,LegNp(T2)(R),31539,28533,35010,31513,28507,35007,0.975,0.4131
glutamate,neuron3,17322,15184,LegNp(T2)(R),31186,35035,35803,31198,35040,35817,0.968,0.999992
glutamate,neuron3,17322,18360,LegNp(T2)(R),30894,28580,31255,30868,28578,31247,0.967,0.583219
glutamate,neuron3,17322,27754405293,LegNp(T2)(R),31823,37957,34776,31814,37931,34785,0.977,0.913189
glutamate,neuron3,17322,11309,LegNp(T2)(R),32376,35918,37965,32401,35926,37953,0.98,0.620247
glutamate,neuron3,17322,24464606661,LegNp(T2)(R),33290,36641,30373,33303,36632,30408,0.97,0.821918
glutamate,neuron3,17322,29760426279,LegNp(T2)(R),34544,31226,37383,34562,31221,37401,0.965,0.825132
glutamate,neuron3,17322,23243997476,LegNp(T2)(R),31162,38192,28846,31160,38198,28868,0.965,0.99994
glutamate,neuron3,17322,17781,LegNp(T2)(R),33538,37116,34339,33568,37121,34351,0.968,0.560871
glutamate,neuron3,17322,28957440128,LegNp(T2)(R),34898,33816,36017,34932,33814,36040,0.969,0.999849
glutamate,neuron3,17322,29367478390,LegNp(T2)(R),31246,33590,36483,31255,33574,36481,0.976,1.0
glutamate,neuron3,17322,29388785751,LegNp(T2)(R),31854,36950,36663,31842,36943,36653,0.966,1.0
glutamate,neuron3,17322,27705076225,LegNp(T2)(R),34278,30291,34839,34258,30302,34823,0.966,0.995813
glutamate,neuron3,17322,10822,LegNp(T2)(R),32262,38250,34024,32227,38248,34038,0.963,0.90844
glutamate,neuron3,17322,27319445176,LegNp(T2)(R),33723,34191,34376,33706,34196,34389,0.975,0.999995
glutamate,neuron3,17322,10146,LegNp(T2)(R),32321,38262,34016,32299,38222,34010,0.974,0.240451
glutamate,neuron3,17322,27337172642,LegNp(T2)(R),34116,36806,34268,34115,36792,34278,0.975,1.0
glutamate,neuron3,17322,15649,LegNp(T2)(R),32687,38484,36421,32689,38497,36396,0.972,0.488399
glutamate,neuron3,17322,10072,LegNp(T2)(R),32998,34048,37857,32983,34035,37860,0.973,1.0
glutamate,neuron3,17322,28147027886,LegNp(T2)(R),31172,35112,35015,31149,35143,35041,0.964,1.0
glutamate,neuron3,17322,21127,LegNp(T2)(R),34898,30761,37147,34911,30761,37121,0.983,0.674175
glutamate,neuron3,17322,10630,LegNp(T2)(R),32081,36867,37367,32066,36869,37374,0.982,0.999978
glutamate,neuron3,17322,30202420532,LegNp(T2)(R),31897,35883,37882,31898,35902,37897,0.975,0.899932
glutamate,neuron3,17322,12678,LegNp(T2)(R),31949,38147,33946,31949,38180,33964,0.967,0.299977
glutamate,neuron3,17322,10678,LegNp(T2)(R),32250,31749,36810,32266,31760,36833,0.967,0.914367
glutamate,neuron3,17322,23140,LegNp(T2)(R),31939,33805,32365,31930,33830,32348,0.975,0.233094
glutamate,neuron3,17322,23435,LegNp(T2)(R),30592,29153,30588,30578,29137,30574,0.978,0.740649
glutamate,neuron3,17322,10072,LegNp(T2)(R),33519,37136,34396,33531,37127,34408,0.972,0.999897
glutamate,neuron3,17322,11109,LegNp(T2)(R),32102,33754,32673,32080,33730,32687,0.966,0.550238
glutamate,neuron3,17322,10547,LegNp(T2)(R),34670,30529,37318,34685,30513,37297,0.962,0.880826
glutamate,neuron4,19709,11248,LegNp(T3)(L),18078,20518,24617,18095,20523,24620,0.977,0.999954
glutamate,neuron4,19709,25123,LegNp(T3)(L),22256,21935,29352,22243,21922,29349,0.963,1.0
glutamate,neuron4,19709,19836363809,LegNp(T3)(L),18275,20577,24780,18283,20552,24799,0.971,0.532706
glutamate,neuron4,19709,21896,LTct,21841,25653,35932,21840,25662,35917,0.975,1.0
glutamate,neuron4,19709,23540443846,LegNp(T3)(L),21870,21695,29463,21869,21710,29445,0.981,0.929683
glutamate,neuron4,19709,20646383660,LegNp(T3)(L),17219,18642,25945,17257,18669,25946,0.964,0.391386
glutamate,neuron4,19709,19187,LegNp(T3)(L),18441,21188,20685,18455,21197,20680,0.963,0.999873
glutamate,neuron4,19709,20646381821,LegNp(T3)(L),17119,18608,25870,17110,18621,25842,0.972,0.534206
glutamate,neuron4,19709,21744,LegNp(T3)(L),20471,21104,26975,20482,21118,26955,0.973,0.502465
glutamate,neuron4,19709,20243141922,LegNp(T3)(L),17695,19853,25330,17688,19833,25340,0.969,0.796387
glutamate,neuron4,19709,28899816560,LTct,21841,25653,35932,21845,25691,35960,0.975,0.999999
glutamate,neuron4,19709,25119,LegNp(T3)(L),21834,21968,29109,21816,21945,29113,0.978,0.918233
glutamate,neuron4,19709,11668,LegNp(T3)(L),19121,21526,22795,19121,21538,22811,0.973,0.999916
glutamate,neuron4,19709,19187,LegNp(T3)(L),18736,21201,23289,18717,21208,23262,0.969,0.576895
glutamate,neuron4,19709,158467,LegNp(T3)(L),18809,21267,23817,18811,21288,23833,0.984,0.97281
glutamate,neuron4,19709,155772,LegNp(T3)(L),18513,21128,22610,18509,21139,22585,0.963,0.464818
glutamate,neuron4,19709,25119,LegNp(T3)(L),18990,21032,24104,18970,21027,24105,0.976,1.0
glutamate,neuron4,19709,25602873704,LegNp(T3)(L),22533,23263,32157,22524,23297,32178,0.971,0.386209
glutamate,neuron4,19709,23130014980,LegNp(T3)(L),20676,21962,29230,20684,21987,29269,0.969,0.371387
glutamate,neuron4,19709,24368156576,LegNp(T3)(L),20899,22734,30687,20907,22734,30708,0.963,0.999846
glutamate,neuron4,19709,158467,LegNp(T3)(L),18707,21365,24183,18693,21373,24171,0.981,0.999963
glutamate,neuron4,19709,18612413344,LegNp(T3)(L),18710,21249,23264,18715,21286,23239,0.974,0.866352
glutamate,neuron4,19709,23544101723,LegNp(T3)(L),23189,22369,29567,23193,22362,29588,0.963,0.999891
glutamate,neuron4,19709,19832791473,LegNp(T3)(L),17819,19872,25242,17839,19876,25263,0.967,0.691102
glutamate,neuron4,19709,24996,LegNp(T3)(L),19313,21429,22616,19318,21423,22633,0.961,0.992854
glutamate,neuron4,19709,11378,LegNp(T3)(L),17127,18638,25750,17131,18653,25720,0.963,0.472517
glutamate,neuron4,19709,14520,LegNp(T3)(L),19006,21019,24021,19030,20998,23997,0.976,0.970056
glutamate,neuron4,19709,11668,LegNp(T3)(L),18513,21128,22610,18531,21149,22592,0.963,0.989422
glutamate,neuron4,19709,25287,LegNp(T3)(L),20755,21960,29212,20761,21974,29191,0.976,0.920963
glutamate,neuron4,19709,157432,LegNp(T3)(L),18011,20497,24640,17989,20508,24635,0.979,0.999668
glutamate,neuron4,19709,20657238268,LegNp(T3)(L),20105,20069,26209,20105,20037,26232,0.975,0.482528
glutamate,neuron4,19709,25199,LegNp(T3)(L),18913,21276,23071,18926,21270,23082,0.965,1.0
glutamate,neuron4,19709,17784631115,LegNp(T3)(L),18684,20479,22377,18692,20453,22361,0.962,0.846312
glutamate,neuron4,19709,24364774536,LegNp(T3)(L),23060,22628,30888,23065,22626,30921,0.971,0.292805
glutamate,neuron4,19709,22309262025,LegNp(T3)(L),20432,21737,28011,20411,21750,28016,0.977,0.966902
glutamate,neuron4,19709,11668,LegNp(T3)(L),21252,22977,31103,21265,22968,31084,0.971,0.9997
glutamate,neuron4,19709,24778545720,LegNp(T3)(L),21214,22978,31025,21226,22990,31018,0.979,0.999683
glutamate,neuron4,19709,25602875473,LegNp(T3)(L),22414,23302,32263,22418,23309,32280,0.969,0.999797
glutamate,neuron4,19709,20232495839,LegNp(T3)(L),17127,18638,25750,17114,18639,25737,0.963,1.0
glutamate,neuron4,19709,24361230208,LegNp(T3)(L),22865,21825,30287,22847,21851,30296,0.964,0.557445
glutamate,neuron4,19709,21744,LegNp(T3)(L),20925,22687,30583,20949,22685,30602,0.977,0.82325
glutamate,neuron4,19709,20239570797,LegNp(T3)(L),17419,19153,25689,17416,19183,25683,0.968,0.478301
glutamate,neuron4,19709,23950688395,LegNp(T3)(L),20899,22734,30687,20896,22722,30702,0.963,0.997138
glutamate,neuron4,19709,11668,LegNp(T3)(L),18330,20742,25102,18327,20760,25085,0.967,0.999995
glutamate,neuron4,19709,22719656323,LegNp(T3)(L),20817,21923,28379,20800,21921,28385,0.974,0.997157
glutamate,neuron4,19709,159125,LegNp(T3)(L),20973,22821,30569,20990,22814,30570,0.975,0.9972
glutamate,neuron4,19709,23544100984,LegNp(T3)(L),23329,22291,29545,23301,22256,29530,0.963,0.410114
glutamate,neuron4,19709,23950880756,LegNp(T3)(L),22780,21807,30265,22766,21801,30235,0.974,0.769583
glutamate,neuron4,19709,20646381684,LegNp(T3)(L),17131,18558,25927,17102,18593,25893,0.976,0.250644
glutamate,neuron4,19709,25602873766,LegNp(T3)(L),22382,23410,32215,22401,23432,32213,0.974,0.907898
glutamate,neuron5,15200,24409,LegNp(T2)(R),33377,30673,35394,33371,30665,35373,0.968,0.999794
glutamate,neuron5,15200,10680,LegNp(T2)(R),28975,35137,32542,28943,35110,32551,0.962,0.382467
glutamate,neuron5,15200,101118,LegNp(T2)(R),32489,33513,37860,32473,33505,37864,0.963,1.0
glutamate,neuron5,15200,24011408531,LegNp(T2)(R),28130,30339,29874,28152,30348,29906,0.973,0.293719
glutamate,neuron5,15200,24411266624,LegNp(T2)(R),29440,28826,30289,29471,28820,30288,0.975,0.778788
glutamate,neuron5,15200,15710,LegNp(T2)(R),29029,28304,30866,29053,28290,30857,0.973,0.764083
glutamate,neuron5,15200,26466738533,LegNp(T2)(R),32297,29582,33604,32297,29563,33612,0.981,0.997792
glutamate,neuron5,15200,25263776570,LegNp(T2)(R),28875,33979,31488,28845,33979,31471,0.974,0.517209
glutamate,neuron5,15200,11623,LegNp(T2)(R),32480,33588,37959,32441,33590,37973,0.974,0.483343
glutamate,neuron5,15200,28129616981,LegNp(T2)(R),34640,32636,35137,34652,32644,35147,0.978,1.0
glutamate,neuron5,15200,10461,LegNp(T2)(R),33926,30939,34712,33910,30942,34713,0.962,1.0
glutamate,neuron5,15200,26930035520,LegNp(T2)(R),30145,37307,33566,30141,37287,33528,0.961,0.328332
glutamate,neuron5,15200,24421842397,LegNp(T2)(R),29017,30656,30489,29014,30682,30475,0.963,0.519679
glutamate,neuron5,15200,28529322129,LegNp(T2)(R),34008,31054,35929,34043,31038,35924,0.964,0.589348
glutamate,neuron5,15200,26930036516,LegNp(T2)(R),30145,37307,33566,30161,37310,33574,0.961,0.999989
glutamate,neuron5,15200,100855,LegNp(T2)(R),28452,30019,30287,28470,30041,30280,0.964,0.991995
glutamate,neuron5,15200,12769,LegNp(T2)(R),28354,29726,30175,28334,29713,30187,0.966,0.876786
glutamate,neuron5,15200,22095,LegNp(T2)(R),29129,28171,30811,29143,28155,30790,0.975,0.858165
glutamate,neuron5,15200,27287409839,LegNp(T2)(R),31218,29549,34422,31253,29545,34435,0.972,0.543495
glutamate,neuron5,15200,171493,LegNp(T2)(R),30013,27702,31690,30030,27707,31669,0.971,0.94243
glutamate,neuron5,15200,101118,LegNp(T2)(R),33256,31143,37471,33242,31132,37470,0.966,1.0
glutamate,neuron5,15200,14423,LegNp(T2)(R),34364,33639,31949,34350,33648,31966,0.968,0.990025
glutamate,neuron5,15200,18308,LegNp(T2)(R),32282,32978,38060,32297,32971,38056,0.972,1.0
glutamate,neuron5,15200,28529323614,LegNp(T2)(R),34008,31054,35929,34012,31043,35912,0.964,0.997615
glutamate,neuron5,15200,27291060055,LegNp(T2)(R),32378,30080,33934,32349,30067,33957,0.973,0.501126
glutamate,neuron5,15200,12769,LegNp(T2)(R),31388,29609,33674,31378,29596,33666,0.966,1.0
glutamate,neuron5,15200,27705078496,LegNp(T2)(R),33845,30853,34887,33837,30828,34923,0.969,0.432819
glutamate,neuron5,15200,10146,LegNp(T2)(R),32510,29341,34687,32480,29335,34705,0.967,0.522538
glutamate,neuron5,15200,30612735228,LegNp(T2)(R),31653,35540,38388,31663,35571,38406,0.963,0.462753
glutamate,neuron5,15200,176857,LegNp(T2)(R),29748,28201,30953,29721,28192,30929,0.976,0.491743
glutamate,neuron5,15200,15671,LegNp(T2)(R),30426,27660,32017,30435,27649,32029,0.966,0.999112
glutamate,neuron5,15200,28108275940,LegNp(T2)(R),32922,29376,35319,32907,29381,35309,0.967,0.99988
glutamate,neuron5,15200,24404160045,LegNp(T2)(R),29161,28351,30837,29139,28338,30807,0.969,0.441184
glutamate,neuron5,15200,100855,LegNp(T2)(R),34226,30337,34556,34241,30337,34566,0.968,0.999933
glutamate,neuron5,15200,11623,LegNp(T2)(R),32751,29920,34364,32764,29914,34348,0.963,0.998021
glutamate,neuron5,15200,27287409708,LegNp(T2)(R),31218,29549,34422,31251,29547,34397,0.972,0.617895
glutamate,neuron5,15200,15630,LegNp(T2)(R),34547,32605,35065,34542,32571,35074,0.971,0.550465
glutamate,neuron5,15200,22095,LegNp(T2)(R),28878,28864,30225,28856,28852,30230,0.964,0.927566
glutamate,neuron5,15200,101658,LegNp(T2)(R),29676,28542,30530,29703,28532,30522,0.965,0.881897
glutamate,neuron5,15200,15798,LegNp(T2)(R),29440,28826,30289,29434,28839,30274,0.975,0.978768
glutamate,neuron5,15200,27708611549,LegNp(T2)(R),33926,30939,34712,33911,30918,34700,0.962,0.999318
glutamate,neuron5,15200,27697880316,LegNp(T2)(R),32510,29341,34687,32515,29351,34699,0.967,0.999803
glutamate,neuron5,15200,101114,LegNp(T2)(R),28057,30302,29726,28055,30283,29713,0.965,0.990132
glutamate,neuron5,15200,11529,LegNp(T2)(R),30321,37377,33689,30330,37343,33697,0.963,0.473868
glutamate,neuron5,15200,24432419244,LegNp(T2)(R),28261,32050,30678,28279,32053,30672,0.973,0.999957
glutamate,neuron5,15200,31023086301,LegNp(T2)(R),31599,35587,38477,31581,35568,38497,0.966,0.535906
glutamate,neuron5,15200,15398,LegNp(T2)(R),33630,30579,35823,33613,30579,35836,0.962,0.999959
glutamate,neuron5,15200,23671,LegNp(T2)(R),30676,37626,33731,30697,37627,33737,0.977,0.999205
glutamate,neuron5,15200,17868,LegNp(T2)(R),28596,29464,30191,28611,29471,30152,0.969,0.200614
glutamate,neuron5,15200,18308,LegNp(T2)(R),34608,32822,35227,34608,32800,35251,0.962,0.555697
glutamate,neuron6,13611,15778,LegNp(T2)(L),17788,25120,31833,17813,25120,31826,0.968,0.841253
glutamate,neuron6,13611,27285841352,LegNp(T2)(L),10810,29970,34465,10823,29966,34442,0.973,0.807819
glutamate,neuron6,13611,17114,LegNp(T2)(L),16732,25035,31045,16726,25036,31026,0.963,0.99774
glutamate,neuron6,13611,24765,LegNp(T2)(L),11880,31970,33933,11864,31983,33918,0.965,0.415952
glutamate,neuron6,13611,28920216661,LegNp(T2)(L),11320,28294,36036,11322,28305,36009,0.974,0.980843
glutamate,neuron6,13611,12160,LegNp(T2)(L),17519,26393,30419,17542,26388,30435,0.964,0.987067
glutamate,neuron6,13611,16971,LegNp(T2)(L),11541,26708,34924,11560,26705,34916,0.966,1.0
glutamate,neuron6,13611,220720,LegNp(T2)(L),13248,33306,38004,13235,33318,37993,0.97,0.99827
glutamate,neuron6,13611,11103,LegNp(T2)(L),14722,26480,36727,14700,26498,36708,0.97,0.261842
glutamate,neuron6,13611,17114,LegNp(T2)(L),17552,26466,30347,17543,26481,30376,0.971,0.538328
glutamate,neuron6,13611,10652,LegNp(T2)(L),12694,26282,34998,12688,26311,35019,0.971,0.252135
glutamate,neuron6,13611,30565370477,LegNp(T2)(L),14085,29129,38132,14055,29141,38124,0.963,0.961162
glutamate,neuron6,13611,10176,LegNp(T2)(L),11468,26627,34938,11454,26622,34915,0.975,0.835109
glutamate,neuron6,13611,28492332871,LegNp(T2)(L),13471,26058,35568,13478,26053,35539,0.97,0.979294
glutamate,neuron6,13611,16977,LegNp(T2)(L),11409,27145,35826,11388,27126,35840,0.963,1.0
glutamate,neuron6,13611,24792338540,LegNp(T2)(L),16717,24924,30822,16716,24937,30804,0.962,0.995679
glutamate,neuron6,13611,29366264311,LegNp(T2)(L),15075,33556,36841,15094,33572,36845,0.973,0.965257
glutamate,neuron6,13611,18585,LegNp(T2)(L),14088,33671,34164,14079,33682,34177,0.973,0.999913
glutamate,neuron6,13611,26486707375,LegNp(T2)(L),15075,32370,33365,15081,32370,33348,0.978,0.999935
glutamate,neuron6,13611,24389103543,LegNp(T2)(L),17253,25741,30735,17228,25753,30735,0.968,0.884327
glutamate,neuron6,13611,14942,LegNp(T2)(L),13533,24041,33778,13541,24065,33813,0.967,0.374443
glutamate,neuron6,13611,12160,LegNp(T2)(L),13480,24901,36549,13496,24898,36543,0.969,0.99994
glutamate,neuron6,13611,29362644056,LegNp(T2)(L),14220,33368,36477,14186,33376,36437,0.971,0.898128
glutamate,neuron6,13611,29313161530,LegNp(T2)(L),14495,25715,36702,14498,25719,36672,0.964,0.642575
glutamate,neuron6,13611,16977,LegNp(T2)(L),15223,24202,33734,15193,24169,33740,0.975,0.455826
glutamate,neuron6,13611,14588,LegNp(T2)(L),17240,25822,30463,17225,25812,30473,0.963,0.999994
glutamate,neuron6,13611,21207,LegNp(T2)(L),14623,32685,33633,14623,32678,33609,0.97,0.922577
glutamate,neuron6,13611,166434,LegNp(T2)(L),16950,24760,31809,16946,24792,31837,0.977,0.201496
glutamate,neuron6,13611,11067,LegNp(T2)(L),14263,25144,35131,14251,25131,35125,0.968,1.0
glutamate,neuron6,13611,10478,LegNp(T2)(L),14379,33232,32658,14398,33232,32634,0.963,0.45713
glutamate,neuron6,13611,11891,LegNp(T2)(L),13248,33306,38004,13232,33314,38007,0.97,0.998951
glutamate,neuron6,13611,19265,LegNp(T2)(L),16989,25793,30929,16996,25768,30925,0.962,0.986822
glutamate,neuron6,13611,12160,LegNp(T2)(L),14722,26480,36727,14694,26476,36725,0.97,0.627047
glutamate,neuron6,13611,26500700721,LegNp(T2)(L),12960,34719,33337,12939,34721,33334,0.973,0.994394
glutamate,neuron6,13611,24831258665,LegNp(T2)(L),16696,30561,31618,16721,30572,31614,0.963,0.87707
glutamate,neuron6,13611,12160,LegNp(T2)(L),14717,34670,36290,14721,34640,36300,0.975,0.789921
glutamate,neuron6,13611,26420,LegNp(T2)(L),10693,30091,34460,10669,30056,34444,0.964,0.673918
glutamate,neuron6,13611,10652,LegNp(T2)(L),11320,28294,36036,11329,28309,36034,0.974,1.0
glutamate,neuron6,13611,27247155503,LegNp(T2)(L),13590,24039,33865,13583,24007,33881,0.973,0.521156
glutamate,neuron6,13611,27731804800,LegNp(T2)(L),13692,34804,34801,13690,34828,34788,0.969,0.992451
glutamate,neuron6,13611,12160,LegNp(T2)(L),11880,31970,33933,11888,32002,33940,0.965,0.609779
glutamate,neuron6,13611,14432,LegNp(T2)(L),17446,26265,30476,17457,26280,30462,0.98,0.995503
glutamate,neuron6,13611,24392640310,LegNp(T2)(L),17191,26472,30735,17231,26487,30736,0.966,0.217089
glutamate,neuron6,13611,26896823894,LegNp(T2)(L),12004,32709,33614,12024,32704,33623,0.964,0.997078
glutamate,neuron6,13611,28085396273,LegNp(T2)(L),11541,26708,34924,11551,26701,34951,0.966,0.868566
glutamate,neuron6,13611,24792338653,LegNp(T2)(L),16717,24924,30822,16697,24933,30804,0.962,0.986391
glutamate,neuron6,13611,21460,LegNp(T2)(L),17444,26283,30405,17424,26298,30403,0.977,0.984806
glutamate,neuron6,13611,29316698686,LegNp(T2)(L),14722,26480,36727,14756,26480,36717,0.97,0.349461
glutamate,neuron6,13611,26897022024,LegNp(T2)(L),14895,32468,33645,14912,32464,33645,0.979,0.99812
glutamate,neuron6,13611,25199165106,LegNp(T2)(L),16872,24634,31816,16848,24620,31794,0.961,0.4416
glutamate,neuron7,17623,40429053847,IntTct,27064,31176,50396,27045,31168,50387,0.969,0.999804
glutamate,neuron7,17623,12311,LTct,25721,31929,50499,25704,31965,50482,0.977,0.714944
glutamate,neuron7,17623,32236353687,Ov(R),30347,33598,40492,30327,33588,40493,0.965,0.998146
glutamate,neuron7,17623,11570,LegNp(T2)(R),28254,34127,37522,28215,34134,37520,0.965,0.40991
glutamate,neuron7,17623,29759840991,LegNp(T2)(R),27174,31287,37445,27184,31306,37428,0.97,0.994292
glutamate,neuron7,17623,10540,LegNp(T2)(R),27911,31752,38406,27914,31723,38388,0.966,0.457924
glutamate,neuron7,17623,32239886758,Ov(R),30827,33437,40700,30828,33419,40684,0.98,0.99884
glutamate,neuron7,17623,39222758835,mVAC(T1)(R),27078,34660,49224,27118,34639,49226,0.976,0.466219
glutamate,neuron7,17623,33463797847,LegNp(T2)(R),28114,31615,43073,28097,31611,43057,0.97,0.291671
glutamate,neuron7,17623,29770488614,LegNp(T2)(R),27249,32467,37316,27265,32474,37330,0.966,0.999954
glutamate,neuron7,17623,35490613502,IntTct,26308,29211,44559,26327,29219,44548,0.968,0.998221
glutamate,neuron7,17623,31811725260,IntTct,28415,30996,39908,28378,30997,39893,0.978,0.294586
glutamate,neuron7,17623,33460177616,LegNp(T2)(R),27977,31864,41671,27972,31880,41631,0.972,0.340198
glutamate,neuron7,17623,12528,LegNp(T2)(R),28254,34127,37522,28233,34146,37531,0.965,0.485635
glutamate,neuron7,17623,12311,LTct,25294,29401,49474,25305,29384,49474,0.961,0.986051
glutamate,neuron7,17623,33049821490,LegNp(T2)(R),27989,32244,41026,27973,32212,41019,0.976,0.229224
glutamate,neuron7,17623,10335,LegNp(T2)(R),27930,32085,40902,27915,32081,40905,0.966,0.805634
glutamate,neuron7,17623,33456643434,LegNp(T2)(R),27977,31864,41671,27973,31850,41664,0.972,1.0
glutamate,neuron7,17623,38395088660,LegNp(T1)(R),28454,33551,47924,28443,33568,47944,0.967,0.926538
glutamate,neuron7,17623,32239928638,Ov(R),30382,33620,40471,30381,33641,40448,0.976,0.6169
glutamate,neuron7,17623,12001,Ov(R),30893,33450,40711,30869,33432,40718,0.975,0.614784
glutamate,neuron7,17623,21351,LegNp(T2)(R),27750,31653,41713,27741,31670,41705,0.967,1.0
glutamate,neuron7,17623,11168,IntTct,27301,30867,49963,27307,30884,49963,0.973,1.0
glutamate,neuron7,17623,16940,LTct,25174,30777,48367,25163,30783,48333,0.975,0.893518
glutamate,neuron7,17623,10950,LegNp(T1)(R),27903,32746,51320,27891,32746,51333,0.965,1.0
glutamate,neuron7,17623,39615266627,LTct,24794,31841,49528,24769,31839,49515,0.964,0.941486
glutamate,neuron7,17623,40857060121,LegNp(T1)(R),26419,33613,51178,26402,33627,51187,0.977,0.99951
glutamate,neuron7,17623,40429054412,IntTct,27028,31211,50437,27036,31216,50415,0.979,0.999977
glutamate,neuron7,17623,31822299349,LegNp(T2)(R),27873,32461,39696,27887,32448,39698,0.976,0.999999
glutamate,neuron7,17623,16490,LegNp(T2)(R),27967,32066,40924,27952,32070,40895,0.969,0.549411
glutamate,neuron7,17623,19233,LegNp(T2)(R),27967,32066,40924,27967,32060,40942,0.969,0.997609
glutamate,neuron7,17623,13539,LegNp(T2)(R),27873,32461,39696,27892,32461,39704,0.976,0.999523
glutamate,neuron7,17623,40429053847,IntTct,27028,31211,50437,27035,31229,50441,0.979,0.999998
glutamate,neuron7,17623,38783983241,LTct,25310,30780,48427,25316,30786,48463,0.968,0.250118
glutamate,neuron7,17623,38362975237,LTct,25124,29209,48046,25122,29191,48040,0.964,1.0
glutamate,neuron7,17623,31829452845,LegNp(T2)(R),28741,33586,39689,28764,33603,39666,0.98,0.203741
glutamate,neuron7,17623,38362978538,LTct,25170,29246,48075,25195,29254,48080,0.966,0.985432
glutamate,neuron7,17623,12001,LegNp(T2)(R),28779,33508,39663,28781,33485,39666,0.966,0.994211
glutamate,neuron7,17623,29759841660,LegNp(T2)(R),27174,31287,37445,27147,31269,37446,0.97,0.525375
glutamate,neuron7,17623,11483,IntTct,26147,31403,49469,26147,31393,49500,0.968,0.555768
glutamate,neuron7,17623,14630,LegNp(T2)(R),28796,33556,39546,28806,33569,39552,0.974,0.999999
glutamate,neuron7,17623,38395086178,LegNp(T1)(R),28454,33551,47924,28461,33564,47910,0.967,1.0
glutamate,neuron7,17623,12252,LegNp(T1)(R),27903,32746,51320,27882,32740,51308,0.965,0.999972
glutamate,neuron7,17623,10166,LegNp(T2)(R),29393,34350,39954,29413,34350,39932,0.962,0.565761
glutamate,neuron7,17623,34263090911,IntTct,26339,29334,43055,26345,29318,43058,0.963,0.999997
glutamate,neuron7,17623,30173762441,LegNp(T2)(R),27469,31673,37434,27470,31673,37456,0.968,0.999316
glutamate,neuron7,17623,39183802162,IntTct,26625,29322,49118,26641,29309,49095,0.961,0.999708
glutamate,neuron7,17623,10404,LegNp(T2)(R),28198,34995,37573,28178,34993,37578,0.964,1.0
glutamate,neuron7,17623,38363015811,LTct,25190,29342,48136,25194,29355,48147,0.979,1.0
glutamate,neuron7,17623,31818719103,LegNp(T2)(R),27671,31846,39600,27688,31859,39617,0.971,0.993888
glutamate,neuron8,19626,22306119682,LegNp(T3)(R),25357,21261,27948,25363,21257,27927,0.964,0.999999
glutamate,neuron8,19626,19451603140,LegNp(T3)(R),29009,24040,24661,29009,24022,24634,0.966,0.494335
glutamate,neuron8,19626,17403244140,LegNp(T3)(R),27415,24462,21782,27420,24472,21753,0.99,0.924435
glutamate,neuron8,19626,18700,IntTct,26067,25133,36956,26052,25124,36956,0.97,0.999998
glutamate,neuron8,19626,18700,HTct(UTct-T3)(R),26694,21139,28472,26709,21154,28481,0.966,0.999661
glutamate,neuron8,19626,19854958480,LegNp(T3)(R),30149,22653,25031,30174,22660,25035,0.962,0.967829
glutamate,neuron8,19626,22737861062,LegNp(T3)(R),27284,24608,28680,27286,24595,28694,0.974,0.999934
glutamate,neuron8,19626,32611013447,IntTct,26153,27967,40792,26167,27981,40807,0.969,0.941958
glutamate,neuron8,19626,19451519882,LegNp(T3)(R),28027,24156,24378,28038,24148,24342,0.961,0.450286
glutamate,neuron8,19626,19044740631,LegNp(T3)(R),28493,24505,23953,28504,24481,23981,0.962,0.385317
glutamate,neuron8,19626,22306120573,LegNp(T3)(R),25375,21300,28000,25387,21285,27998,0.967,0.99971
glutamate,neuron8,19626,10257,LegNp(T3)(R),25966,20482,26084,25982,20514,26104,0.971,0.276503
glutamate,neuron8,19626,29321060313,LTct,25466,27023,36640,25478,27006,36630,0.987,0.999604
glutamate,neuron8,19626,15995,LegNp(T3)(R),25766,20719,26728,25757,20727,26745,0.979,1.0
glutamate,neuron8,19626,13295,LTct,24069,27723,37623,24063,27733,37607,0.971,1.0
glutamate,neuron8,19626,21906459418,LegNp(T3)(R),26439,22787,27773,26428,22770,27753,0.97,0.795413
glutamate,neuron8,19626,22306120573,LegNp(T3)(R),25357,21261,27948,25387,21275,27979,0.964,0.34699
glutamate,neuron8,19626,22306117682,LegNp(T3)(R),25338,21403,27931,25341,21429,27918,0.969,0.92952
glutamate,neuron8,19626,10761,LegNp(T3)(R),25850,19883,25988,25844,19896,26013,0.965,0.854159
glutamate,neuron8,19626,14002,LegNp(T3)(R),25614,19821,25964,25626,19812,25961,0.973,1.0
glutamate,neuron8,19626,23537181109,HTct(UTct-T3)(R),25436,21600,29526,25420,21587,29526,0.979,0.999897
glutamate,neuron8,19626,20672131116,LegNp(T3)(R),30187,22338,26000,30210,22337,25995,0.962,0.930188
glutamate,neuron8,19626,12464,IntTct,28331,28496,39248,28320,28512,39256,0.962,0.945823
glutamate,neuron8,19626,14068,LegNp(T3)(R),25614,19821,25964,25614,19820,26000,0.973,0.611864
glutamate,neuron8,19626,19854957831,LegNp(T3)(R),30093,22715,24965,30099,22732,24963,0.973,0.999191
glutamate,neuron8,19626,29717266345,IntTct,25298,24883,37286,25284,24895,37283,0.974,0.999776
glutamate,neuron8,19626,21763,LegNp(T3)(R),30286,22633,25183,30326,22654,25147,0.972,0.459129
glutamate,neuron8,19626,14002,LegNp(T3)(R),27284,24608,28680,27295,24611,28710,0.974,0.704846
glutamate,neuron8,19626,32611013064,IntTct,26153,27967,40792,26145,27942,40807,0.969,0.57925
glutamate,neuron8,19626,32611012195,IntTct,26153,27967,40792,26115,27958,40783,0.969,0.489026
glutamate,neuron8,19626,10948,LegNp(T3)(R),25357,21261,27948,25360,21236,27927,0.964,0.370993
glutamate,neuron8,19626,18220419024,LegNp(T3)(R),27690,23860,22956,27698,23875,22969,0.971,1.0
glutamate,neuron8,19626,20661320653,LegNp(T3)(R),27513,20743,25928,27500,20759,25905,0.969,0.68626
glutamate,neuron8,19626,13691,HTct(UTct-T3)(R),25540,21798,31243,25526,21798,31230,0.977,0.978773
glutamate,neuron8,19626,11701,LegNp(T3)(R),26085,24201,31119,26102,24220,31113,0.981,0.999794
glutamate,neuron8,19626,17396093186,LegNp(T3)(R),26681,24094,22135,26664,24121,22123,0.976,0.712474
glutamate,neuron8,19626,12402,LTct,24938,27383,37961,24943,27398,37971,0.969,1.0
glutamate,neuron8,19626,23540684836,LegNp(T3)(R),25365,21629,29454,25353,21616,29460,0.973,0.999775
glutamate,neuron8,19626,24839,LegNp(T3)(R),26681,24094,22135,26667,24067,22107,0.976,0.255658
glutamate,neuron8,19626,23954571792,LegNp(T3)(R),24914,22285,29899,24923,22300,29910,0.979,0.998222
glutamate,neuron8,19626,153583,LegNp(T3)(R),27182,23510,21927,27196,23496,21924,0.977,1.0
glutamate,neuron8,19626,12821,LTct,25015,27303,37949,25033,27326,37940,0.961,0.579446
glutamate,neuron8,19626,24368431590,LegNp(T3)(R),24570,22699,30772,24540,22718,30748,0.964,0.479334
glutamate,neuron8,19626,10801,LegNp(T3)(R),27661,23881,23074,27653,23915,23083,0.97,0.877135
glutamate,neuron8,19626,13295,IntTct,26197,27955,40829,26182,27966,40835,0.962,0.999756
glutamate,neuron8,19626,16895,LegNp(T3)(R),29669,23660,24618,29690,23638,24599,0.967,0.562746
glutamate,neuron8,19626,13208,LegNp(T3)(R),27513,20743,25928,27508,20733,25905,0.969,0.930254
glutamate,neuron8,19626,10367,LegNp(T3)(R),25766,20719,26728,25741,20703,26724,0.979,0.919182
glutamate,neuron8,19626,23126864877,LegNp(T3)(R),25786,21829,28808,25820,21837,28831,0.972,0.25226
glutamate,neuron8,19626,20265310783,LegNp(T3)(R),30219,22769,25252,30230,22785,25262,0.979,0.991421
glutamate,neuron9,29383,28985348264,LegNp(T2)(R),30197,37789,36172,30199,37826,36147,0.967,0.273053
glutamate,neuron9,29383,31026430652,LegNp(T2)(R),29061,36107,38838,29058,36131,38848,0.979,0.999127
glutamate,neuron9,29383,31022972318,LegNp(T2)(R),30178,35485,38602,30161,35501,38583,0.963,0.82905
glutamate,neuron9,29383,30209298786,LegNp(T2)(R),29498,36635,37633,29488,36616,37626,0.971,0.999957
glutamate,neuron9,29383,10580,LegNp(T2)(R),30401,37027,31950,30379,37010,31930,0.965,0.382042
glutamate,neuron9,29383,10655,LegNp(T2)(R),29516,36761,37576,29508,36769,37555,0.975,0.997699
glutamate,neuron9,29383,11288,LegNp(T2)(R),28617,36830,38469,28619,36849,38484,0.973,0.986882
glutamate,neuron9,29383,14338,LegNp(T2)(R),29516,36761,37576,29550,36763,37587,0.975,0.99839
glutamate,neuron9,29383,30216296624,LegNp(T2)(R),28561,37684,37900,28561,37673,37938,0.977,0.991547
glutamate,neuron9,29383,10984,LegNp(T2)(R),30178,35485,38602,30200,35507,38599,0.963,0.661695
glutamate,neuron9,29383,30209181764,LegNp(T2)(R),27869,36843,37765,27860,36835,37753,0.97,1.0
glutamate,neuron9,29383,31422753629,LegNp(T2)(R),30575,34269,39226,30557,34252,39242,0.963,0.879149
glutamate,neuron9,29383,30612575659,LegNp(T2)(R),30178,35485,38602,30153,35479,38611,0.963,0.985639
glutamate,neuron9,29383,13791,LegNp(T2)(R),28562,37721,37837,28564,37706,37797,0.974,0.883551
glutamate,neuron9,29383,10984,LegNp(T2)(R),28956,36422,38717,28996,36406,38737,0.975,0.988976
glutamate,neuron9,29383,31422753699,LegNp(T2)(R),30666,34335,39195,30667,34373,39201,0.984,0.391124
glutamate,neuron9,29383,22132,LegNp(T2)(R),27964,33994,32302,27969,34017,32297,0.974,0.99979
glutamate,neuron9,29383,31433332538,LegNp(T2)(R),29990,35433,39448,29978,35450,39426,0.971,0.858831
glutamate,neuron9,29383,10930,LegNp(T2)(R),29061,36107,38838,29041,36097,38833,0.979,0.989357
glutamate,neuron9,29383,26526642703,LegNp(T2)(R),28654,38376,33215,28640,38382,33230,0.978,1.0
glutamate,neuron9,29383,31019437674,LegNp(T2)(R),30223,35323,38704,30224,35300,38732,0.972,0.515054
glutamate,neuron9,29383,30609087861,LegNp(T2)(R),30223,35323,38704,30183,35298,38700,0.972,0.686214
glutamate,neuron9,29383,30216338148,LegNp(T2)(R),29124,37792,38012,29130,37785,38036,0.969,0.999825
glutamate,neuron9,29383,25401,LegNp(T2)(R),28654,36858,38445,28646,36882,38451,0.969,0.958264
glutamate,neuron9,29383,26119749212,LegNp(T2)(R),27532,39025,32892,27503,39043,32876,0.966,0.342052
glutamate,neuron9,29383,23172,LegNp(T2)(R),28015,37223,37895,28001,37209,37878,0.967,0.969726
glutamate,neuron9,29383,27729407013,LegNp(T2)(R),28522,34282,34753,28515,34275,34771,0.972,0.999975
glutamate,neuron9,29383,11034,LegNp(T2)(R),27944,36932,37838,27941,36947,37846,0.969,0.999999
glutamate,neuron9,29383,29395622115,LegNp(T2)(R),29314,37765,36539,29298,37748,36502,0.973,0.982828
glutamate,neuron9,29383,30184457193,LegNp(T2)(R),28762,33198,37646,28750,33211,37671,0.978,0.732894
glutamate,neuron9,29383,29795448997,LegNp(T2)(R),29729,36513,37435,29704,36506,37429,0.97,0.997065
glutamate,neuron9,29383,12663,LegNp(T2)(R),29070,32494,37790,29046,32512,37788,0.967,0.999253
glutamate,neuron9,29383,10984,LegNp(T2)(R),29629,35821,39264,29607,35815,39245,0.966,0.670592
glutamate,neuron9,29383,11083,LegNp(T2)(R),29369,36552,37664,29369,36532,37655,0.965,0.999988
glutamate,neuron9,29383,14063,LegNp(T2)(R),28015,37223,37895,28004,37237,37890,0.967,0.999496
glutamate,neuron9,29383,27729406567,LegNp(T2)(R),28522,34282,34753,28491,34280,34771,0.972,0.695932
glutamate,neuron9,29383,31429793764,LegNp(T2)(R),29920,35420,39388,29881,35404,39376,0.963,0.244693
glutamate,neuron9,29383,29377897948,LegNp(T2)(R),28651,35119,36584,28656,35110,36608,0.974,0.999973
glutamate,neuron9,29383,11034,LegNp(T2)(R),28406,34660,34991,28416,34651,35008,0.967,0.999999
glutamate,neuron9,29383,12528,LegNp(T2)(R),28861,37301,37938,28886,37294,37958,0.972,0.563351
glutamate,neuron9,29383,12400,LegNp(T2)(R),30633,34386,39195,30648,34404,39197,0.966,0.806754
glutamate,neuron9,29383,28985310918,LegNp(T2)(R),29531,38125,36131,29544,38135,36140,0.982,0.999973
glutamate,neuron9,29383,12528,LegNp(T2)(R),29498,36635,37633,29502,36635,37660,0.971,0.973405
glutamate,neuron9,29383,29795369524,LegNp(T2)(R),29516,36761,37576,29556,36735,37566,0.975,0.388275
glutamate,neuron9,29383,10423,LegNp(T2)(R),28500,34532,37395,28508,34532,37368,0.983,0.892029
glutamate,neuron9,29383,28988845219,LegNp(T2)(R),29531,38125,36131,29542,38145,36115,0.982,0.914655
glutamate,neuron9,29383,25681129085,LegNp(T2)(R),28202,34623,32107,28205,34649,32101,0.983,0.907702
glutamate,neuron9,29383,30209297556,LegNp(T2)(R),29369,36552,37664,29377,36559,37637,0.965,0.95127
glutamate,neuron9,29383,31029925488,LegNp(T2)(R),28617,36830,38469,28596,36809,38473,0.973,0.853333
glutamate,neuron9,29383,12001,LegNp(T2)(R),29179,35972,37606,29178,36006,37637,0.983,0.202196
glutamate,neuron10,26314,10906,LegNp(T2)(L),15855,31182,39663,15835,31197,39639,0.971,0.455911
glutamate,neuron10,26314,12796,LegNp(T2)(L),17177,31638,32208,17186,31645,32194,0.963,0.998867
glutamate,neuron10,26314,30190507434,LegNp(T2)(L),15280,34457,37696,15261,34462,37713,0.971,0.965323
glutamate,neuron10,26314,31004142000,LegNp(T2)(L),15418,32912,38538,15429,32891,38531,0.98,0.961642
glutamate,neuron10,26314,31814239571,LegNp(T2)(L),15124,31499,39726,15120,31513,39707,0.963,0.641928
glutamate,neuron10,26314,12177,LegNp(T2)(L),16180,33159,39029,16163,33167,39019,0.979,0.988488
glutamate,neuron10,26314,25659079180,LegNp(T2)(L),17177,31638,32208,17192,31630,32194,0.963,0.999528
glutamate,neuron10,26314,30597325618,LegNp(T2)(L),15403,33381,38112,15417,33401,38104,0.962,0.998508
glutamate,neuron10,26314,10996,LegNp(T2)(L),16132,30717,40095,16131,30681,40112,0.967,0.530731
glutamate,neuron10,26314,23492,LegNp(T2)(L),15390,32017,38847,15400,32054,38857,0.969,0.211707
glutamate,neuron10,26314,30593790582,LegNp(T2)(L),15032,33250,38483,15021,33260,38452,0.969,0.538105
glutamate,neuron10,26314,30597325363,LegNp(T2)(L),15403,33381,38112,15372,33383,38104,0.962,0.403428
glutamate,neuron10,26314,28124701539,LegNp(T2)(L),16778,31942,35004,16767,31969,35020,0.971,0.64205
glutamate,neuron10,26314,12796,LegNp(T2)(L),16132,30717,40095,16111,30724,40101,0.967,0.968485
glutamate,neuron10,26314,16412,LegNp(T2)(L),16110,35842,32434,16096,35862,32451,0.967,0.281162
glutamate,neuron10,26314,26094076713,LegNp(T2)(L),15756,34994,32740,15738,35007,32750,0.976,0.979375
glutamate,neuron10,26314,26069394607,LegNp(T2)(L),16928,31911,32776,16961,31922,32758,0.979,0.266623
glutamate,neuron10,26314,14550,LegNp(T2)(L),16574,33812,38301,16577,33835,38325,0.97,0.696058
glutamate,neuron10,26314,28549051071,LegNp(T2)(L),14826,34285,35512,14843,34293,35539,0.968,0.421881
glutamate,neuron10,26314,30597406369,LegNp(T2)(L),16574,33812,38301,16563,33791,38266,0.97,0.347515
glutamate,neuron10,26314,10786,LegNp(T2)(L),15855,31182,39663,15888,31189,39656,0.971,0.528606
glutamate,neuron10,26314,30597447565,LegNp(T2)(L),16574,33812,38301,16582,33814,38330,0.97,0.847502
glutamate,neuron10,26314,31004103100,LegNp(T2)(L),14970,33317,38521,14952,33317,38547,0.964,0.568964
glutamate,neuron10,26314,13189,LegNp(T2)(L),16110,35842,32434,16129,35840,32432,0.967,0.9999
glutamate,neuron10,26314,25690880260,LegNp(T2)(L),16670,36001,32326,16655,35993,32338,0.969,1.0
glutamate,neuron10,26314,30165824209,LegNp(T2)(L),16352,30669,37583,16335,30629,37590,0.981,0.412077
glutamate,neuron10,26314,26094080511,LegNp(T2)(L),15756,34994,32740,15742,34979,32763,0.976,0.56981
glutamate,neuron10,26314,12177,LegNp(T2)(L),16423,33703,38529,16442,33703,38531,0.97,0.99425
glutamate,neuron10,26314,12082,LegNp(T2)(L),16589,34040,38211,16601,34040,38224,0.98,1.0
glutamate,neuron10,26314,31807250682,LegNp(T2)(L),16133,30669,40088,16140,30646,40061,0.972,0.647216
glutamate,neuron10,26314,30569221369,LegNp(T2)(L),17582,29541,38043,17596,29551,38053,0.971,0.999713
glutamate,neuron10,26314,30179899849,LegNp(T2)(L),15047,32694,37846,15075,32693,37844,0.973,0.596348
glutamate,neuron10,26314,31004142643,LegNp(T2)(L),14970,33317,38521,14966,33300,38553,0.964,0.420889
glutamate,neuron10,26314,10996,LegNp(T2)(L),16200,33283,38997,16193,33292,38983,0.968,1.0
glutamate,neuron10,26314,32217596999,LegNp(T2)(L),16133,30669,40088,16109,30679,40091,0.972,0.862371
glutamate,neuron10,26314,13788,LegNp(T2)(L),15418,32912,38538,15449,32887,38517,0.98,0.995773
glutamate,neuron10,26314,31004227056,LegNp(T2)(L),16200,33283,38997,16174,33301,39005,0.968,0.511362
glutamate,neuron10,26314,31004225279,LegNp(T2)(L),16172,33271,38997,16140,33247,38991,0.967,0.410738
glutamate,neuron10,26314,14063,LegNp(T2)(L),15208,34511,37779,15238,34485,37815,0.961,0.999735
glutamate,neuron10,26314,10458,LegNp(T2)(L),17677,30357,30403,17691,30396,30395,0.973,0.301396
glutamate,neuron10,26314,26486822830,LegNp(T2)(L),16875,32342,33116,16862,32369,33103,0.965,0.57671
glutamate,neuron10,26314,12082,LegNp(T2)(L),15032,33250,38483,15052,33252,38470,0.969,0.998937
glutamate,neuron10,26314,31004226710,LegNp(T2)(L),16172,33271,38997,16141,33256,39008,0.967,0.378633
glutamate,neuron10,26314,26904138946,LegNp(T2)(L),15127,33695,33948,15139,33689,33927,0.965,0.933526
glutamate,neuron10,26314,10528,LegNp(T2)(L),16574,33812,38301,16562,33837,38312,0.97,0.922269
glutamate,neuron10,26314,26182,LegNp(T2)(L),17582,29541,38043,17553,29522,38058,0.971,0.509055
glutamate,neuron10,26314,26182,LegNp(T2)(L),16779,34154,36855,16762,34169,36882,0.964,0.283516
glutamate,neuron10,26314,12796,LegNp(T2)(L),15347,32833,38698,15323,32820,38701,0.977,0.988255
glutamate,neuron10,26314,12796,LegNp(T2)(L),15390,32017,38847,15380,32032,38846,0.969,0.999604
glutamate,neuron10,26314,30590252549,LegNp(T2)(L),15418,32912,38538,15431,32916,38517,0.98,0.982663
glutamate,neuron11,27966,30534041566,IntTct,20362,24783,38269,20387,24777,38283,0.97,0.239812
glutamate,neuron11,27966,30951399009,IntTct,19430,25658,38810,19418,25696,38796,0.967,0.727807
glutamate,neuron11,27966,31768650231,IntTct,20123,25029,39952,20096,25024,39953,0.968,0.60367
glutamate,neuron11,27966,12821,IntTct,19061,26260,39940,19091,26269,39957,0.981,0.540989
glutamate,neuron11,27966,30537582929,IntTct,20378,24803,38205,20395,24808,38227,0.978,0.706766
glutamate,neuron11,27966,30955132379,LTct,21682,25959,38826,21698,25950,38834,0.973,0.990648
glutamate,neuron11,27966,19412,IntTct,19988,24745,37794,19990,24722,37800,0.973,0.96767
glutamate,neuron11,27966,10322,LTct,21204,26534,38775,21166,26513,38780,0.965,0.298832
glutamate,neuron11,27966,19752,IntTct,20452,25828,39580,20468,25818,39563,0.962,0.782277
glutamate,neuron11,27966,33423906127,IntTct,16439,26991,42002,16431,27003,42014,0.969,0.999698
glutamate,neuron11,27966,19752,IntTct,21275,25767,39195,21269,25787,39220,0.976,0.969067
glutamate,neuron11,27966,30537581619,IntTct,20378,24803,38205,20372,24818,38185,0.978,0.994734
glutamate,neuron11,27966,12145,IntTct,19744,23852,36061,19753,23821,36071,0.97,0.929309
glutamate,neuron11,27966,30120115947,IntTct,19871,24200,37897,19874,24161,37885,0.974,0.584492
glutamate,neuron11,27966,17519,IntTct,16937,26476,41623,16943,26471,41607,0.961,1.0
glutamate,neuron11,27966,17284,IntTct,20259,24497,37064,20247,24525,37059,0.964,0.83435
glutamate,neuron11,27966,100167,IntTct,19323,25018,38917,19319,25000,38910,0.971,0.999998
glutamate,neuron11,27966,31361833741,IntTct,20319,25269,39424,20330,25277,39436,0.971,0.999989
glutamate,neuron11,27966,16255,IntTct,19323,25018,38917,19340,25000,38910,0.971,0.999994
glutamate,neuron11,27966,17519,IntTct,18403,25483,39694,18408,25475,39711,0.969,1.0
glutamate,neuron11,27966,17078,IntTct,20599,24757,37850,20597,24776,37829,0.964,0.627087
glutamate,neuron11,27966,11525,LTct,21204,26534,38775,21218,26550,38780,0.965,0.99759
glutamate,neuron11,27966,13312,IntTct,20071,24183,37802,20053,24183,37802,0.971,0.999983
glutamate,neuron11,27966,15862,IntTct,20025,24720,37676,20055,24709,37664,0.966,0.296238
glutamate,neuron11,27966,30127185746,IntTct,19988,24745,37794,20021,24743,37800,0.973,0.604815
glutamate,neuron11,27966,11595,IntTct,17633,26147,42531,17614,26154,42533,0.973,1.0
glutamate,neuron11,27966,19238,IntTct,19537,25136,37815,19544,25164,37807,0.966,0.401547
glutamate,neuron11,27966,30548280105,LTct,21204,26534,38775,21212,26516,38790,0.965,0.999697
glutamate,neuron11,27966,19449,LTct,21226,26209,38853,21253,26205,38853,0.974,0.66224
glutamate,neuron11,27966,16824,IntTct,18158,25170,40255,18185,25171,40235,0.961,0.603288
glutamate,neuron11,27966,32603426501,IntTct,19272,26945,40797,19290,26954,40776,0.974,0.987709
glutamate,neuron11,27966,30123649613,IntTct,20025,24720,37676,20010,24700,37664,0.966,0.931481
glutamate,neuron11,27966,17519,IntTct,19430,25658,38810,19395,25644,38796,0.967,0.605874
glutamate,neuron11,27966,20018,IntTct,20259,24497,37064,20240,24502,37066,0.964,0.999766
glutamate,neuron11,27966,17519,IntTct,19762,27272,40614,19758,27290,40616,0.965,1.0
glutamate,neuron11,27966,32178843776,IntTct,18158,25170,40255,18152,25173,40294,0.961,0.252758
glutamate,neuron11,27966,25573,IntTct,19871,24200,37897,19855,24204,37885,0.974,0.999965
glutamate,neuron11,27966,17519,IntTct,17636,26136,42586,17611,26151,42575,0.969,0.67133
glutamate,neuron11,27966,13793,IntTct,17636,26136,42586,17624,26114,42613,0.969,0.352785
glutamate,neuron11,27966,19270,IntTct,20643,26257,42108,20631,26266,42119,0.965,1.0
glutamate,neuron11,27966,28672,IntTct,20596,25570,39141,20591,25588,39173,0.972,0.504791
glutamate,neuron11,27966,30947860705,IntTct,19334,25150,38882,19339,25174,38869,0.98,0.759169
glutamate,neuron11,27966,30548279684,LTct,21602,26601,38306,21589,26597,38308,0.967,0.445043
glutamate,neuron11,27966,30548278921,LTct,21602,26601,38306,21573,26596,38296,0.967,0.808498
glutamate,neuron11,27966,32603426983,IntTct,19163,26875,40728,19149,26861,40724,0.971,0.999999
glutamate,neuron11,27966,14719,IntTct,20281,25319,39446,20263,25345,39451,0.974,0.424383
glutamate,neuron11,27966,32603426499,IntTct,19163,26875,40728,19174,26849,40712,0.971,0.627196
glutamate,neuron11,27966,30947856769,IntTct,19334,25150,38882,19318,25172,38854,0.98,0.343639
glutamate,neuron11,27966,33423904880,IntTct,16439,26991,42002,16413,26965,41977,0.969,0.360684
glutamate,neuron11,27966,31361833582,IntTct,20319,25269,39424,20319,25256,39450,0.971,0.866951
glutamate,neuron12,23893,21560,HTct(UTct-T3)(R),28672,20362,38163,28662,20343,38133,0.971,0.544575
glutamate,neuron12,23893,31348505906,WTct(UTct-T2)(R),31519,23373,39671,31508,23387,39672,0.972,1.0
glutamate,neuron12,23893,10204,HTct(UTct-T3)(R),26385,21041,41041,26383,21027,41057,0.968,0.999999
glutamate,neuron12,23893,21560,IntTct,29753,27274,37842,29756,27253,37848,0.979,0.999672
glutamate,neuron12,23893,102250,WTct(UTct-T2)(R),32407,24606,39923,32425,24604,39926,0.965,0.999947
glutamate,neuron12,23893,10329,HTct(UTct-T3)(R),30330,21136,38155,30317,21159,38157,0.968,0.918766
glutamate,neuron12,23893,156605,HTct(UTct-T3)(R),30069,21562,38696,30086,21529,38704,0.976,0.497921
glutamate,neuron12,23893,155684,IntTct,30248,26627,37497,30221,26619,37499,0.968,0.86675
glutamate,neuron12,23893,12011,IntTct,29571,27247,37836,29589,27253,37848,0.974,0.999921
glutamate,neuron12,23893,12011,HTct(UTct-T3)(R),30086,22725,38804,30095,22703,38794,0.963,0.999215
glutamate,neuron12,23893,21390,IntTct,30129,27396,39310,30121,27394,39327,0.967,0.990753
glutamate,neuron12,23893,10329,HTct(UTct-T3)(R),30268,21125,38223,30282,21152,38219,0.961,0.661526
glutamate,neuron12,23893,10755,HTct(UTct-T3)(R),30067,22298,38991,30074,22314,39030,0.969,0.279663
glutamate,neuron12,23893,30145623967,IntTct,29520,27244,37819,29506,27231,37829,0.964,0.999993
glutamate,neuron12,23893,23563,IntTct,30073,28291,41079,30067,28311,41088,0.979,0.971699
glutamate,neuron12,23893,30110204633,HTct(UTct-T3)(R),29112,22243,37668,29124,22254,37669,0.973,0.99999
glutamate,neuron12,23893,10329,WTct(UTct-T2)(R),32059,24279,39200,32039,24275,39194,0.975,0.999987
glutamate,neuron12,23893,46457,IntTct,29571,27247,37836,29574,27227,37822,0.974,0.998148
glutamate,neuron12,23893,30510028655,HTct(UTct-T3)(R),30241,21093,38217,30229,21075,38227,0.98,0.997689
glutamate,neuron12,23893,33010796888,IntTct,26705,26290,41546,26689,26272,41536,0.974,0.883853
glutamate,neuron12,23893,30923920663,HTct(UTct-T3)(R),30072,21335,38767,30067,21363,38747,0.963,0.533471
glutamate,neuron12,23893,23755,WTct(UTct-T2)(R),31790,25724,40071,31800,25732,40029,0.963,0.427265
glutamate,neuron12,23893,10171,WTct(UTct-T2)(R),30759,23070,39922,30766,23083,39931,0.961,0.999964
glutamate,neuron12,23893,10042,HTct(UTct-T3)(R),26385,21041,41041,26401,21036,41036,0.968,1.0
glutamate,neuron12,23893,10171,HTct(UTct-T3)(R),30210,22640,38926,30228,22651,38934,0.969,0.999454
glutamate,neuron12,23893,30142086136,IntTct,29520,27244,37819,29522,27231,37799,0.964,0.637006
glutamate,neuron12,23893,10275,HTct(UTct-T3)(R),31245,20872,39028,31258,20857,39027,0.969,1.0
glutamate,neuron12,23893,12011,WTct(UTct-T2)(R),31790,25721,40041,31804,25715,40046,0.976,0.770436
glutamate,neuron12,23893,13593,HTct(UTct-T3)(R),30831,21997,37050,30813,21977,37044,0.965,0.962854
glutamate,neuron12,23893,31376725129,IntTct,30129,27396,39310,30113,27376,39283,0.967,0.52226
glutamate,neuron12,23893,10433,HTct(UTct-T3)(R),28000,21514,39385,27976,21518,39402,0.963,0.651156
glutamate,neuron12,23893,21628,IntTct,30271,27364,39090,30259,27352,39069,0.975,0.807749
glutamate,neuron12,23893,31758895812,WTct(UTct-T2)(R),31519,23373,39671,31521,23396,39654,0.972,0.978753
glutamate,neuron12,23893,10064,WTct(UTct-T2)(R),31569,24771,41332,31579,24782,41324,0.962,1.0
glutamate,neuron12,23893,30945268648,WTct(UTct-T2)(R),31693,24289,38905,31698,24262,38895,0.976,0.979832
glutamate,neuron12,23893,10329,HTct(UTct-T3)(R),30166,22359,39003,30169,22367,38970,0.97,0.642693
glutamate,neuron12,23893,32597214754,WTct(UTct-T2)(R),30501,25945,40811,30515,25946,40798,0.988,0.999662
glutamate,neuron12,23893,29696471155,HTct(UTct-T3)(R),30831,21997,37050,30830,22030,37070,0.965,0.466273
glutamate,neuron12,23893,30142088122,IntTct,29520,27244,37819,29516,27226,37813,0.964,0.999423
glutamate,neuron12,23893,19517,HTct(UTct-T3)(R),30831,21997,37050,30859,21972,37064,0.965,0.293214
glutamate,neuron12,23893,10171,WTct(UTct-T2)(R),31790,25724,40071,31805,25716,40068,0.963,0.968378
glutamate,neuron12,23893,10931,IntTct,29571,27247,37836,29582,27255,37810,0.974,0.979373
glutamate,neuron12,23893,10755,WTct(UTct-T2)(R),30561,23212,39867,30551,23222,39840,0.963,0.518236
glutamate,neuron12,23893,33021728306,IntTct,30403,27795,41432,30402,27796,41469,0.963,0.562656
glutamate,neuron12,23893,13435,HTct(UTct-T3)(R),30072,21335,38767,30074,21350,38747,0.963,0.999876
glutamate,neuron12,23893,102250,WTct(UTct-T2)(R),32528,24765,41453,32536,24776,41439,0.978,1.0
glutamate,neuron12,23893,15180,WTct(UTct-T2)(R),31569,24771,41332,31584,24742,41345,0.962,0.28027
glutamate,neuron12,23893,33000576966,WTct(UTct-T2)(R),31569,24771,41332,31567,24803,41345,0.962,0.519401
glutamate,neuron12,23893,100988,HTct(UTct-T3)(R),30086,22725,38804,30123,22731,38794,0.963,0.627127
glutamate,neuron12,23893,101218,IntTct,30073,28291,41079,30079,28304,41075,0.979,1.0
glutamate,neuron13,28136,19056,LegNp(T1)(L),17602,34103,55786,17587,34120,55803,0.968,0.588526
glutamate,neuron13,28136,45394939224,LegNp(T1)(L),16449,37647,56849,16449,37675,56872,0.973,0.447052
glutamate,neuron13,28136,43700451312,LegNp(T1)(L),16448,29295,54367,16410,29290,54373,0.963,0.475657
glutamate,neuron13,28136,16079,LegNp(T1)(L),17628,35192,55957,17610,35192,55970,0.971,0.99894
glutamate,neuron13,28136,44110810684,LegNp(T1)(L),16391,29312,55342,16368,29294,55331,0.963,0.818127
glutamate,neuron13,28136,13051,LegNp(T1)(L),18435,32702,54119,18447,32669,54114,0.966,0.246706
glutamate,neuron13,28136,44539244114,IntTct,21205,32232,55575,21169,32265,55594,0.975,0.813477
glutamate,neuron13,28136,44549582526,LegNp(T1)(L),17602,34103,55786,17607,34116,55823,0.968,0.361893
glutamate,neuron13,28136,16079,LegNp(T1)(L),16483,37665,56860,16495,37682,56850,0.988,0.994875
glutamate,neuron13,28136,15115,LegNp(T1)(L),16298,29019,55040,16330,29026,55052,0.967,0.740153
glutamate,neuron13,28136,38797503661,LegNp(T1)(L),17135,32740,48436,17114,32751,48445,0.966,0.975972
glutamate,neuron13,28136,10474,LegNp(T1)(L),16448,29295,54367,16447,29281,54375,0.963,1.0
glutamate,neuron13,28136,20717,LegNp(T1)(L),16483,37665,56860,16472,37679,56872,0.988,0.957013
glutamate,neuron13,28136,44156800243,LegNp(T1)(L),15963,36401,55328,15963,36389,55343,0.965,0.999994
glutamate,neuron13,28136,26911,LegNp(T1)(L),16375,29278,55203,16357,29260,55212,0.984,0.738781
glutamate,neuron13,28136,44570770786,LegNp(T1)(L),17313,36927,55656,17307,36939,55678,0.966,0.409292
glutamate,neuron13,28136,42465849221,LegNp(T1)(L),15970,28757,52824,15976,28788,52836,0.982,0.641807
glutamate,neuron13,28136,41648721891,LegNp(T1)(L),16920,29771,52207,16950,29768,52214,0.961,0.739045
glutamate,neuron13,28136,101414,LegNp(T1)(L),16387,29138,55155,16394,29114,55166,0.973,0.980767
glutamate,neuron13,28136,42055460405,LegNp(T1)(L),15918,29002,52754,15902,29014,52758,0.966,0.996032
glutamate,neuron13,28136,44107273013,LegNp(T1)(L),16387,29138,55155,16404,29132,55166,0.973,1.0
glutamate,neuron13,28136,10722,LegNp(T1)(L),16483,37665,56860,16478,37682,56850,0.988,0.999999
glutamate,neuron13,28136,101414,LegNp(T1)(L),16481,29569,55386,16450,29586,55409,0.967,0.252698
glutamate,neuron13,28136,10722,LegNp(T1)(L),16571,37662,56809,16601,37671,56790,0.977,0.999216
glutamate,neuron13,28136,41648722194,LegNp(T1)(L),16920,29771,52207,16914,29752,52214,0.961,1.0
glutamate,neuron13,28136,43311481317,LegNp(T1)(L),18435,32702,54119,18457,32725,54107,0.966,0.573799
glutamate,neuron13,28136,45398476343,LegNp(T1)(L),16449,37647,56849,16431,37653,56844,0.973,0.997066
glutamate,neuron13,28136,45398476961,LegNp(T1)(L),16449,37647,56849,16440,37654,56810,0.973,0.31093
glutamate,neuron13,28136,10192,LegNp(T1)(L),15970,28757,52824,15989,28756,52825,0.982,0.759057
glutamate,neuron13,28136,20717,LegNp(T1)(L),15892,28869,52775,15891,28840,52751,0.976,0.370351
glutamate,neuron13,28136,42051921541,LegNp(T1)(L),15892,28869,52775,15881,28849,52751,0.976,0.82417
glutamate,neuron13,28136,44949561106,IntTct,21097,31889,56124,21057,31892,56125,0.964,0.641377
glutamate,neuron13,28136,44574306671,LegNp(T1)(L),17288,36954,55634,17301,36966,55632,0.983,1.0
glutamate,neuron13,28136,13116,LegNp(T1)(L),15970,28757,52824,15985,28746,52836,0.982,0.590562
glutamate,neuron13,28136,12992,LegNp(T1)(L),17135,32740,48436,17119,32739,48445,0.966,0.999984
glutamate,neuron13,28136,12992,LegNp(T1)(L),17153,32708,48479,17137,32712,48500,0.967,0.999491
glutamate,neuron13,28136,42518915614,LegNp(T1)(L),16170,36905,53053,16132,36915,53039,0.971,0.313632
glutamate,neuron13,28136,43328852569,LegNp(T1)(L),14525,35354,53893,14504,35328,53914,0.973,0.226935
glutamate,neuron13,28136,44528278658,LegNp(T1)(L),16837,30525,55584,16855,30486,55586,0.969,0.44819
glutamate,neuron13,28136,44546714008,IntTct,26277,33264,55758,26263,33251,55746,0.976,0.981977
glutamate,neuron13,28136,17546,LegNp(T1)(L),16432,29228,54162,16439,29255,54144,0.97,0.634001
glutamate,neuron13,28136,44107270860,LegNp(T1)(L),16228,29004,55077,16209,29017,55061,0.975,0.999949
glutamate,neuron13,28136,14606,LTct,22915,32318,52679,22919,32286,52695,0.966,1.0
glutamate,neuron13,28136,45398476560,LegNp(T1)(L),16449,37647,56849,16434,37630,56810,0.973,0.261602
glutamate,neuron13,28136,38797504012,LegNp(T1)(L),17153,32708,48479,17156,32729,48519,0.967,0.520478
glutamate,neuron13,28136,10192,LegNp(T1)(L),15933,28667,52782,15927,28645,52814,0.974,0.513269
glutamate,neuron13,28136,16079,LegNp(T1)(L),15933,28667,52782,15923,28653,52776,0.974,1.0
glutamate,neuron13,28136,43328893318,LegNp(T1)(L),14518,35349,53930,14510,35329,53933,0.967,0.997662
glutamate,neuron13,28136,10281,IntTct,21097,31889,56124,21125,31861,56125,0.964,0.331816
glutamate,neuron13,28136,10722,LegNp(T1)(L),15896,28859,52735,15871,28865,52744,0.964,0.627377
glutamate,neuron14,32829,32197242800,IntTct,27215,27284,40402,27235,27269,40418,0.968,0.661551
glutamate,neuron14,32829,28907369199,IntTct,27839,26329,36460,27823,26359,36438,0.977,0.264397
glutamate,neuron14,32829,33028800933,IntTct,30736,28886,41447,30722,28894,41442,0.964,0.446089
glutamate,neuron14,32829,10755,IntTct,29106,27798,38783,29143,27788,38804,0.963,0.299658
glutamate,neuron14,32829,21628,IntTct,26586,27155,38292,26566,27154,38286,0.98,0.999895
glutamate,neuron14,32829,30555663590,LTct,25821,27725,38151,25817,27748,38175,0.974,0.53094
glutamate,neuron14,32829,10141,IntTct,27566,27221,38274,27551,27231,38273,0.962,0.999983
glutamate,neuron14,32829,29720845630,IntTct,26051,25413,37336,26029,25424,37334,0.963,0.999108
glutamate,neuron14,32829,33442726667,IntTct,31067,29586,41759,31072,29549,41758,0.973,0.358169
glutamate,neuron14,32829,28907328049,IntTct,27780,26325,36400,27767,26339,36380,0.982,0.900905
glutamate,neuron14,32829,29314144908,IntTct,27540,25702,36839,27523,25699,36825,0.969,0.999985
glutamate,neuron14,32829,30552205745,IntTct,26590,27143,38332,26580,27129,38339,0.968,0.983345
glutamate,neuron14,32829,30141969167,IntTct,28183,27098,37773,28201,27101,37767,0.975,0.999994
glutamate,neuron14,32829,21628,IntTct,30223,28789,41492,30219,28805,41481,0.976,0.999229
glutamate,neuron14,32829,17903,IntTct,30124,29015,41482,30150,29002,41493,0.971,0.857293
glutamate,neuron14,32829,29317680353,IntTct,27701,26415,36595,27710,26423,36611,0.97,0.999492
glutamate,neuron14,32829,33439108387,IntTct,30265,28758,41532,30265,28758,41562,0.962,0.71493
glutamate,neuron14,32829,20237,IntTct,27162,27299,40344,27172,27313,40304,0.984,0.856581
glutamate,neuron14,32829,33842195209,IntTct,27394,27845,42310,27394,27850,42326,0.966,0.999987
glutamate,neuron14,32829,29314147874,IntTct,27577,25712,36924,27558,25704,36936,0.982,0.998706
glutamate,neuron14,32829,16067,IntTct,27577,25712,36924,27558,25718,36923,0.982,0.999672
glutamate,neuron14,32829,15862,IntTct,27381,26767,37920,27373,26772,37885,0.961,0.498479
glutamate,neuron14,32829,30969831218,IntTct,29106,27798,38783,29095,27792,38795,0.963,1.0
glutamate,neuron14,32829,18720,IntTct,27432,26370,37203,27413,26389,37186,0.961,0.528824
glutamate,neuron14,32829,15862,IntTct,29106,27798,38783,29081,27790,38784,0.963,0.999376
glutamate,neuron14,32829,23563,IntTct,30124,29015,41482,30096,29024,41493,0.971,0.531886
glutamate,neuron14,32829,14454,IntTct,27577,25712,36924,27584,25740,36908,0.982,0.334782
glutamate,neuron14,32829,11505,IntTct,28211,28393,43946,28198,28415,43919,0.968,0.385766
glutamate,neuron14,32829,10249,IntTct,27217,25705,35846,27252,25711,35814,0.961,0.266606
glutamate,neuron14,32829,17284,IntTct,27455,27473,39977,27430,27470,39950,0.969,0.505933
glutamate,neuron14,32829,11512,IntTct,30507,29778,41610,30518,29777,41631,0.976,0.995157
glutamate,neuron14,32829,14004,IntTct,27401,27716,39905,27388,27709,39914,0.977,1.0
glutamate,neuron14,32829,33428301951,IntTct,27418,27860,42294,27423,27880,42309,0.965,0.994524
glutamate,neuron14,32829,29728035795,IntTct,27385,26355,37300,27372,26380,37322,0.979,0.524055
glutamate,neuron14,32829,18720,IntTct,28211,28393,43946,28196,28393,43956,0.968,1.0
glutamate,neuron14,32829,17196,IntTct,27577,25712,36924,27603,25700,36936,0.982,0.538849
glutamate,neuron14,32829,19845,IntTct,27412,27674,39937,27403,27703,39936,0.967,0.750078
glutamate,neuron14,32829,32607477871,IntTct,26270,27695,40871,26263,27697,40888,0.964,0.999497
glutamate,neuron14,32829,15660,IntTct,27874,26987,37405,27870,26996,37428,0.977,0.974253
glutamate,neuron14,32829,18720,IntTct,27577,25712,36924,27570,25724,36936,0.982,0.999998
glutamate,neuron14,32829,14379,IntTct,27162,27299,40344,27201,27294,40323,0.984,0.249091
glutamate,neuron14,32829,29731650347,IntTct,28640,27021,37056,28667,27009,37065,0.97,0.756719
glutamate,neuron14,32829,30552283079,IntTct,27564,27125,38250,27562,27112,38261,0.969,0.999785
glutamate,neuron14,32829,22061,IntTct,27577,25712,36924,27579,25699,36953,0.982,0.708984
glutamate,neuron14,32829,13926,LTct,25821,27725,38151,25847,27716,38132,0.974,0.94188
glutamate,neuron14,32829,19118,IntTct,27577,25712,36924,27570,25728,36923,0.982,0.99916
glutamate,neuron14,32829,19678,IntTct,27540,25702,36839,27526,25698,36852,0.969,0.999097
glutamate,neuron14,32829,11525,IntTct,28179,28107,39136,28180,28108,39156,0.977,0.999997
glutamate,neuron14,32829,33428301951,IntTct,27357,27852,42222,27375,27871,42206,0.965,0.742182
glutamate,neuron14,32829,15862,IntTct,27215,27284,40402,27227,27298,40404,0.968,0.999391
glutamate,neuron15,153994,33831740696,WTct(UTct-T2)(R),29771,26731,42316,29757,26712,42327,0.977,0.999617
glutamate,neuron15,153994,19851,WTct(UTct-T2)(R),31514,24065,40646,31531,24049,40668,0.974,0.445361
glutamate,neuron15,153994,159067,WTct(UTct-T2)(R),28729,26100,45108,28731,26082,45116,0.973,1.0
glutamate,neuron15,153994,32583142787,WTct(UTct-T2)(R),31514,24065,40646,31554,24045,40661,0.974,0.508169
glutamate,neuron15,153994,102250,HTct(UTct-T3)(R),29907,22440,39124,29895,22419,39128,0.975,0.997208
glutamate,neuron15,153994,13665,WTct(UTct-T2)(R),28962,26325,45472,28964,26309,45482,0.966,1.0
glutamate,neuron15,153994,13350,HTct(UTct-T3)(R),27460,23583,40013,27445,23550,40019,0.963,0.294288
glutamate,neuron15,153994,13799,IntTct,30353,27310,39384,30364,27298,39381,0.981,1.0
glutamate,neuron15,153994,32183359970,WTct(UTct-T2)(R),30949,25206,40015,30943,25194,40006,0.973,0.999644
glutamate,neuron15,153994,23755,WTct(UTct-T2)(R),32111,24824,39038,32134,24834,39057,0.974,0.761077
glutamate,neuron15,153994,10064,HTct(UTct-T3)(R),27447,23569,39978,27461,23567,39967,0.973,1.0
glutamate,neuron15,153994,14852,IntTct,30287,27232,38346,30295,27250,38341,0.978,0.999804
glutamate,neuron15,153994,17926,HTct(UTct-T3)(R),29873,22674,38663,29895,22657,38647,0.976,0.636663
glutamate,neuron15,153994,14740,IntTct,30399,26802,37848,30412,26823,37870,0.965,0.294865
glutamate,neuron15,153994,102250,HTct(UTct-T3)(R),29992,22618,38760,29983,22606,38773,0.968,0.999996
glutamate,neuron15,153994,30931000128,HTct(UTct-T3)(R),30230,22511,38962,30217,22516,38965,0.963,0.987691
glutamate,neuron15,153994,18936,IntTct,30399,26802,37848,30381,26766,37849,0.965,0.381247
glutamate,neuron15,153994,13665,HTct(UTct-T3)(R),27447,23569,39978,27469,23570,39993,0.973,1.0
glutamate,neuron15,153994,10329,HTct(UTct-T3)(R),30017,22503,38931,30027,22517,38940,0.966,1.0
glutamate,neuron15,153994,10171,IntTct,31557,29309,40391,31557,29291,40392,0.976,1.0
glutamate,neuron15,153994,30552483221,IntTct,30366,27130,38503,30354,27127,38516,0.963,1.0
glutamate,neuron15,153994,30103052463,HTct(UTct-T3)(R),28233,21391,37558,28260,21419,37578,0.964,0.242452
glutamate,neuron15,153994,24602,WTct(UTct-T2)(R),28729,26100,45108,28725,26105,45138,0.973,0.795405
glutamate,neuron15,153994,102250,WTct(UTct-T2)(R),32115,25115,41354,32100,25122,41335,0.969,0.997214
glutamate,neuron15,153994,10329,WTct(UTct-T2)(R),32426,24969,41405,32426,24993,41376,0.975,0.45071
glutamate,neuron15,153994,35876360166,WTct(UTct-T2)(R),28729,26100,45108,28741,26080,45100,0.973,0.998905
glutamate,neuron15,153994,10275,HTct(UTct-T3)(R),30233,21783,38728,30241,21762,38742,0.963,0.990412
glutamate,neuron15,153994,31758587711,HTct(UTct-T3)(R),27447,23569,39978,27466,23591,39961,0.973,0.817713
glutamate,neuron15,153994,30552520618,IntTct,30406,27129,38502,30418,27120,38512,0.972,1.0
glutamate,neuron15,153994,30927457003,HTct(UTct-T3)(R),30233,21783,38728,30240,21769,38717,0.963,1.0
glutamate,neuron15,153994,24068,IntTct,30455,26685,37688,30428,26666,37690,0.967,0.443121
glutamate,neuron15,153994,10171,HTct(UTct-T3)(R),30309,21990,38857,30326,21984,38853,0.972,1.0
glutamate,neuron15,153994,30930997837,HTct(UTct-T3)(R),29992,22618,38760,30024,22643,38762,0.968,0.461456
glutamate,neuron15,153994,30934531738,HTct(UTct-T3)(R),29873,22674,38663,29848,22699,38636,0.976,0.407993
glutamate,neuron15,153994,29728272059,IntTct,30455,26685,37688,30469,26712,37690,0.967,0.601927
glutamate,neuron15,153994,14852,WTct(UTct-T2)(R),28729,26100,45108,28748,26120,45116,0.973,0.955222
glutamate,neuron15,153994,31773050324,WTct(UTct-T2)(R),31708,25255,39950,31719,25261,39928,0.965,0.47051
glutamate,neuron15,153994,31380269263,IntTct,30055,27748,39496,30060,27763,39491,0.963,0.9991
glutamate,neuron15,153994,10275,WTct(UTct-T2)(R),31774,25230,39850,31777,25244,39850,0.969,0.708009
glutamate,neuron15,153994,32583144345,WTct(UTct-T2)(R),31119,24210,40818,31084,24175,40821,0.973,0.343513
glutamate,neuron15,153994,21475,HTct(UTct-T3)(R),29374,23097,37561,29369,23070,37538,0.974,0.590203
glutamate,neuron15,153994,36293830585,WTct(UTct-T2)(R),28962,26325,45472,28993,26335,45462,0.966,0.301989
glutamate,neuron15,153994,102250,HTct(UTct-T3)(R),29923,20912,36780,29923,20951,36772,0.967,0.485699
glutamate,neuron15,153994,102250,HTct(UTct-T3)(R),30206,21979,38907,30188,21971,38904,0.967,0.999888
glutamate,neuron15,153994,31376768927,IntTct,30146,27629,39563,30176,27617,39539,0.967,0.643082
glutamate,neuron15,153994,16826,HTct(UTct-T3)(R),29907,22440,39124,29887,22443,39157,0.975,0.467026
glutamate,neuron15,153994,10275,WTct(UTct-T2)(R),31753,24068,40518,31760,24085,40518,0.965,0.999999
glutamate,neuron15,153994,100988,WTct(UTct-T2)(R),30644,26956,41280,30619,26963,41275,0.968,0.999946
glutamate,neuron15,153994,21390,IntTct,30287,27232,38346,30308,27243,38341,0.978,0.999981
glutamate,neuron15,153994,32583142845,WTct(UTct-T2)(R),31514,24065,40646,31535,24062,40661,0.974,0.989541
glutamate,neuron16,102376,27226519687,HTct(UTct-T3)(L),21451,20989,33851,21426,20994,33872,0.966,0.445706
glutamate,neuron16,102376,22534,HTct(UTct-T3)(L),19957,22079,31512,19936,22074,31493,0.968,0.68242
glutamate,neuron16,102376,22174,HTct(UTct-T3)(L),19974,21724,31056,20000,21733,31063,0.963,0.993155
glutamate,neuron16,102376,25920,HTct(UTct-T3)(L),21002,22067,34156,21023,22052,34176,0.965,0.583396
glutamate,neuron16,102376,26005996577,HTct(UTct-T3)(L),20263,22455,32729,20242,22437,32741,0.972,0.515697
glutamate,neuron16,102376,27226522871,HTct(UTct-T3)(L),21658,20882,34191,21659,20891,34208,0.973,0.984653
glutamate,neuron16,102376,25920,HTct(UTct-T3)(L),21234,21086,33404,21252,21078,33396,0.968,0.999943
glutamate,neuron16,102376,26816168484,HTct(UTct-T3)(L),21369,21111,33578,21383,21094,33594,0.966,0.567867
glutamate,neuron16,102376,25920,HTct(UTct-T3)(L),21630,20936,34114,21626,20943,34129,0.967,0.989305
glutamate,neuron16,102376,21625,HTct(UTct-T3)(L),21639,20841,33757,21611,20814,33735,0.961,0.277343
glutamate,neuron16,102376,22174,HTct(UTct-T3)(L),20898,21539,34121,20884,21560,34097,0.964,0.794153
glutamate,neuron16,102376,25181705574,HTct(UTct-T3)(L),19957,22079,31512,19967,22081,31493,0.968,0.985252
glutamate,neuron16,102376,102745,HTct(UTct-T3)(L),21630,20936,34114,21611,20942,34129,0.967,0.991579
glutamate,neuron16,102376,26005992491,HTct(UTct-T3)(L),20263,22455,32729,20267,22437,32727,0.972,0.989428
glutamate,neuron16,102376,25920,HTct(UTct-T3)(L),21658,20882,34191,21661,20908,34170,0.973,0.709041
glutamate,neuron16,102376,102745,HTct(UTct-T3)(L),20795,22335,34089,20791,22326,34106,0.978,0.999988
glutamate,neuron16,102376,24767813680,HTct(UTct-T3)(L),19974,21724,31056,19984,21763,31063,0.963,0.999443
glutamate,neuron16,102376,27230020828,HTct(UTct-T3)(L),20898,21539,34121,20915,21560,34107,0.964,0.460921
glutamate,neuron16,102376,102375,HTct(UTct-T3)(L),20905,22032,34241,20908,22028,34257,0.963,0.999984
glutamate,neuron16,102376,26819702460,HTct(UTct-T3)(L),21267,21187,33414,21263,21181,33375,0.972,0.522813
glutamate,neuron16,102376,24767815846,HTct(UTct-T3)(L),19942,21708,31096,19927,21691,31095,0.969,0.997264
glutamate,neuron16,102376,102745,HTct(UTct-T3)(L),21437,21175,33887,21437,21163,33901,0.975,0.999924
glutamate,neuron16,102376,102745,HTct(UTct-T3)(L),21234,21086,33404,21262,21086,33396,0.968,0.912054
glutamate,neuron16,102376,21722,HTct(UTct-T3)(L),21274,21617,34148,21248,21635,34134,0.976,0.223717
glutamate,neuron16,102376,34669,HTct(UTct-T3)(L),21094,21752,34231,21086,21755,34259,0.971,0.826601
glutamate,neuron16,102376,26816210337,HTct(UTct-T3)(L),21639,20841,33757,21635,20826,33766,0.961,0.998982
glutamate,neuron16,102376,153895,HTct(UTct-T3)(L),20797,22046,34255,20779,22044,34240,0.964,0.997989
glutamate,neuron16,102376,30193,HTct(UTct-T3)(L),21595,21094,33889,21564,21101,33881,0.964,0.459422
glutamate,neuron16,102376,153219,HTct(UTct-T3)(L),20353,22442,33637,20335,22452,33631,0.968,0.999909
glutamate,neuron16,102376,28068497387,HTct(UTct-T3)(L),21966,23795,35038,21936,23798,35023,0.962,0.619148
glutamate,neuron16,102376,25181703664,HTct(UTct-T3)(L),19940,22040,31464,19926,22054,31456,0.978,0.86814
glutamate,neuron16,102376,26816165205,HTct(UTct-T3)(L),21283,21096,33504,21284,21080,33522,0.966,0.99935
glutamate,neuron16,102376,102745,HTct(UTct-T3)(L),19923,22071,31524,19898,22048,31536,0.971,0.693355
glutamate,neuron16,102376,28068497079,HTct(UTct-T3)(L),21966,23795,35038,21938,23812,35020,0.962,0.286809
glutamate,neuron16,102376,26826703868,HTct(UTct-T3)(L),20353,22442,33637,20367,22453,33671,0.968,0.446622
glutamate,neuron16,102376,156764,HTct(UTct-T3)(L),21369,21111,33578,21389,21094,33563,0.966,0.382525
glutamate,neuron16,102376,102375,HTct(UTct-T3)(L),20263,22455,32729,20259,22443,32741,0.972,0.999913
glutamate,neuron16,102376,22534,HTct(UTct-T3)(L),19940,22040,31464,19941,22058,31456,0.978,0.999968
glutamate,neuron16,102376,22596,HTct(UTct-T3)(L),20353,22442,33637,20373,22469,33651,0.968,0.429506
glutamate,neuron16,102376,26816173059,HTct(UTct-T3)(L),21595,21094,33889,21608,21065,33881,0.964,0.685556
glutamate,neuron16,102376,27233558508,HTct(UTct-T3)(L),21024,21749,34182,21046,21749,34181,0.962,0.999984
glutamate,neuron16,102376,22534,HTct(UTct-T3)(L),21691,20840,34093,21679,20827,34079,0.976,0.999632
glutamate,neuron16,102376,25181703664,HTct(UTct-T3)(L),19923,22071,31524,19909,22058,31486,0.971,0.99819
glutamate,neuron16,102376,27230019849,HTct(UTct-T3)(L),20786,21537,34152,20797,21509,34156,0.966,0.990623
glutamate,neuron16,102376,26816165388,HTct(UTct-T3)(L),21283,21096,33504,21284,21076,33485,0.966,0.847687
glutamate,neuron16,102376,14915,HTct(UTct-T3)(L),21639,20841,33757,21649,20847,33775,0.961,0.988844
glutamate,neuron16,102376,26816166698,HTct(UTct-T3)(L),21190,21075,33446,21192,21055,33459,0.968,0.995063
glutamate,neuron16,102376,26005996486,HTct(UTct-T3)(L),20263,22455,32729,20257,22430,32702,0.972,0.580415
glutamate,neuron16,102376,22174,HTct(UTct-T3)(L),19942,21708,31096,19914,21687,31095,0.969,0.549426
glutamate,neuron16,102376,28469,HTct(UTct-T3)(L),19923,22071,31524,19903,22057,31502,0.971,0.479272
glutamate,neuron17,32248,22460,LegNp(T2)(R),24099,32355,36418,24100,32334,36429,0.976,0.985694
glutamate,neuron17,32248,28539151248,LTct,23712,32751,35822,23724,32725,35854,0.973,0.221882
glutamate,neuron17,32248,28539150493,LTct,23712,32751,35822,23702,32737,35817,0.973,1.0
glutamate,neuron17,32248,26073520306,LegNp(T2)(R),24355,32134,32535,24328,32150,32542,0.968,0.65055
glutamate,neuron17,32248,28542650250,LegNp(T2)(R),23506,33113,35971,23517,33115,35997,0.972,0.709287
glutamate,neuron17,32248,29388043761,LegNp(T2)(R),22550,36891,36728,22555,36908,36736,0.979,0.999999
glutamate,neuron17,32248,12460,LegNp(T2)(R),22632,36193,36338,22632,36177,36348,0.973,0.975259
glutamate,neuron17,32248,15445,LegNp(T2)(L),21469,36867,36364,21476,36855,36351,0.98,0.999903
glutamate,neuron17,32248,30619222958,mVAC(T2)(R),24280,36688,38514,24308,36717,38545,0.97,0.328815
glutamate,neuron17,32248,21486,LegNp(T2)(R),24374,32083,32433,24373,32075,32468,0.971,0.459947
glutamate,neuron17,32248,18300,LegNp(T2)(R),23506,33113,35971,23537,33109,35999,0.972,0.616816
glutamate,neuron17,32248,21089,LegNp(T2)(R),23426,32534,36484,23455,32571,36476,0.97,0.322146
glutamate,neuron17,32248,29802089548,LegNp(T2)(R),24568,37456,37178,24574,37434,37208,0.972,0.927145
glutamate,neuron17,32248,29388041392,LegNp(T2)(R),22580,36890,36673,22600,36909,36679,0.975,0.997839
glutamate,neuron17,32248,11834,LTct,23712,32751,35822,23693,32751,35817,0.973,1.0
glutamate,neuron17,32248,26786,LTct,24232,32166,36096,24199,32163,36098,0.966,0.479949
glutamate,neuron17,32248,101466,LTct,24232,32166,36096,24214,32148,36081,0.966,0.875305
glutamate,neuron17,32248,28952997000,LegNp(T2)(R),23552,33114,35975,23575,33109,35974,0.973,0.997857
glutamate,neuron17,32248,11151,LegNp(T2)(L),21454,36898,36351,21464,36880,36317,0.971,0.377785
glutamate,neuron17,32248,23579477384,LegNp(T3)(R),23574,27634,29575,23608,27607,29570,0.975,0.505452
glutamate,neuron17,32248,23733,LegNp(T2)(R),23407,32575,36470,23395,32600,36447,0.962,0.334302
glutamate,neuron17,32248,26459085119,LTct,24082,28315,33446,24074,28303,33435,0.963,0.999863
glutamate,neuron17,32248,15022,LTct,24029,31114,38200,24030,31131,38221,0.982,0.32779
glutamate,neuron17,32248,26277,LegNp(T2)(R),23506,33113,35971,23492,33134,35971,0.972,0.995323
glutamate,neuron17,32248,28542650250,LegNp(T2)(R),23552,33114,35975,23518,33115,35997,0.973,0.340693
glutamate,neuron17,32248,13373,LegNp(T2)(R),22806,36773,34933,22806,36746,34916,0.971,0.583734
glutamate,neuron17,32248,17255,LTct,23712,32751,35822,23686,32769,35817,0.973,0.4346
glutamate,neuron17,32248,28977609412,LegNp(T2)(L),21469,36867,36364,21477,36903,36351,0.98,0.649298
glutamate,neuron17,32248,28952997162,LegNp(T2)(R),23551,33113,35976,23557,33135,35976,0.973,0.997167
glutamate,neuron17,32248,30169956979,LTct,23985,31075,38288,23977,31052,38286,0.979,0.958735
glutamate,neuron17,32248,28984882980,LegNp(T2)(R),23648,37584,36289,23669,37592,36300,0.961,0.944957
glutamate,neuron17,32248,11094,LegNp(T2)(R),24355,32134,32535,24316,32137,32525,0.968,0.234962
glutamate,neuron17,32248,28156735887,LegNp(T2)(L),19421,36914,34958,19415,36916,34931,0.964,0.758396
glutamate,neuron17,32248,28949469126,LTct,23478,32151,36625,23491,32170,36612,0.979,0.998788
glutamate,neuron17,32248,27325730204,LegNp(T2)(R),23215,35028,33969,23228,35040,33968,0.969,1.0
glutamate,neuron17,32248,23169125167,LegNp(T3)(R),23574,27634,29575,23576,27617,29553,0.975,0.882022
glutamate,neuron17,32248,21089,LegNp(T2)(R),23461,32620,36424,23475,32628,36433,0.964,0.99999
glutamate,neuron17,32248,30615956483,LegNp(T2)(R),27296,36496,38364,27274,36490,38366,0.972,0.999448
glutamate,neuron17,32248,16073,LTct,23712,32751,35822,23694,32746,35828,0.973,0.999995
glutamate,neuron17,32248,27325729291,LegNp(T2)(R),23215,35028,33969,23197,35057,33957,0.969,0.511505
glutamate,neuron17,32248,15085,LegNp(T2)(L),19079,36014,33877,19086,35996,33877,0.962,0.999999
glutamate,neuron17,32248,88530,LegNp(T3)(R),23574,27634,29575,23609,27634,29553,0.975,0.449727
glutamate,neuron17,32248,18669,LTct,23478,32151,36625,23478,32166,36638,0.979,0.999982
glutamate,neuron17,32248,101030,LegNp(T2)(R),22580,36890,36673,22577,36851,36679,0.975,0.343334
glutamate,neuron17,32248,26073522062,LegNp(T2)(R),24355,32134,32535,24344,32117,32534,0.968,0.99981
glutamate,neuron17,32248,18669,LegNp(T2)(R),23407,32575,36470,23404,32593,36473,0.962,0.999989
glutamate,neuron17,32248,29798350682,LegNp(T2)(L),21927,36720,36954,21920,36736,36958,0.967,0.999999
glutamate,neuron17,32248,28977652123,LegNp(T2)(R),22580,36890,36673,22571,36910,36679,0.975,0.999956
glutamate,neuron17,32248,27325728568,LegNp(T2)(R),23215,35028,33969,23217,35040,33954,0.969,0.999995
glutamate,neuron17,32248,25252779243,LegNp(T2)(R),23531,33922,32365,23514,33919,32343,0.966,1.0
glutamate,neuron18,158325,11251,LegNp(T2)(R),25412,36529,36418,25385,36552,36434,0.966,0.567668
glutamate,neuron18,158325,15014,LegNp(T2)(L),21235,33789,31996,21234,33803,32015,0.966,0.885927
glutamate,neuron18,158325,13463,LTct,21969,31958,36439,21972,31974,36452,0.971,0.999969
glutamate,neuron18,158325,18265,LegNp(T2)(L),20374,33587,35387,20363,33581,35405,0.962,0.998177
glutamate,neuron18,158325,28945811116,LTct,21960,32078,36389,21926,32084,36389,0.971,0.624123
glutamate,neuron18,158325,17559,LegNp(T2)(R),22872,37067,36639,22887,37080,36654,0.971,0.807378
glutamate,neuron18,158325,29798630601,LegNp(T2)(R),25255,36820,37134,25269,36812,37162,0.965,0.710648
glutamate,neuron18,158325,29798628922,LegNp(T2)(R),25255,36820,37134,25283,36833,37110,0.965,0.219774
glutamate,neuron18,158325,17895,LegNp(T2)(L),21236,34370,33950,21226,34353,33920,0.963,0.425667
glutamate,neuron18,158325,157504,LTct,21960,32078,36389,21955,32081,36409,0.971,0.999378
glutamate,neuron18,158325,10905,LegNp(T2)(L),20058,36442,37175,20073,36448,37179,0.973,1.0
glutamate,neuron18,158325,17082,LTct,22306,31183,37393,22327,31166,37402,0.961,0.99481
glutamate,neuron18,158325,14281,Ov(R),29107,36017,40790,29094,36022,40804,0.966,1.0
glutamate,neuron18,158325,32667850249,Ov(R),29107,36017,40790,29067,36052,40784,0.966,0.200341
glutamate,neuron18,158325,28135601245,LegNp(T2)(L),20374,33587,35387,20378,33568,35394,0.962,0.999999
glutamate,neuron18,158325,31022780095,LegNp(T2)(R),27649,35908,38757,27667,35906,38735,0.972,0.800902
glutamate,neuron18,158325,11017,LegNp(T2)(R),25255,36820,37134,25275,36817,37141,0.965,0.999123
glutamate,neuron18,158325,27318496987,LegNp(T2)(L),21236,34370,33950,21212,34369,33935,0.963,0.806311
glutamate,neuron18,158325,11805,LegNp(T2)(R),22872,37067,36639,22902,37036,36654,0.971,0.222471
glutamate,neuron18,158325,27318496987,LegNp(T2)(L),21186,34421,33986,21193,34404,33955,0.975,0.296207
glutamate,neuron18,158325,179829,Ov(R),29448,35893,40880,29444,35910,40879,0.977,0.999964
glutamate,neuron18,158325,10905,LegNp(T2)(L),21186,34421,33986,21166,34431,33989,0.975,0.999994
glutamate,neuron18,158325,11834,LTct,21990,32199,36456,22014,32211,36444,0.967,0.546294
glutamate,neuron18,158325,11336,LegNp(T2)(R),24403,38255,35805,24420,38247,35808,0.963,1.0
glutamate,neuron18,158325,12689,LegNp(T2)(R),22872,37067,36639,22857,37046,36654,0.971,0.749299
glutamate,neuron18,158325,17900,LegNp(T2)(L),22335,34817,34813,22336,34795,34806,0.964,0.987968
glutamate,neuron18,158325,27336034717,LegNp(T2)(L),19551,36577,34600,19581,36584,34602,0.961,0.944706
glutamate,neuron18,158325,19401,LegNp(T2)(L),21236,34370,33950,21197,34354,33956,0.963,0.993351
glutamate,neuron18,158325,11336,LegNp(T2)(R),25864,40226,33862,25881,40243,33843,0.973,0.716677
glutamate,neuron18,158325,13369,LTct,21990,32199,36456,22024,32190,36468,0.967,0.664536
glutamate,neuron18,158325,11528,LegNp(T2)(L),20058,36442,37175,20046,36476,37164,0.973,0.495295
glutamate,neuron18,158325,19724,LegNp(T2)(R),25864,40226,33862,25845,40231,33857,0.973,1.0
glutamate,neuron18,158325,28977577291,LegNp(T2)(L),20650,36684,36378,20632,36698,36415,0.973,0.332499
glutamate,neuron18,158325,14281,LegNp(T2)(R),27649,35908,38757,27663,35915,38774,0.972,0.999999
glutamate,neuron18,158325,27318497684,LegNp(T2)(L),21186,34421,33986,21175,34409,34006,0.975,0.999316
glutamate,neuron18,158325,28942274874,LTct,21960,32078,36389,21966,32075,36409,0.971,1.0
glutamate,neuron18,158325,27318497762,LegNp(T2)(L),21236,34370,33950,21207,34366,33956,0.963,0.296848
glutamate,neuron18,158325,29798628635,LegNp(T2)(R),25255,36820,37134,25246,36789,37123,0.965,0.315224
glutamate,neuron18,158325,19724,LegNp(T2)(R),22872,37067,36639,22872,37053,36654,0.971,0.999991
glutamate,neuron18,158325,29387962692,LegNp(T2)(L),21524,36775,36748,21520,36798,36725,0.969,0.905176
glutamate,neuron18,158325,29449,LegNp(T2)(L),21990,32199,36456,21959,32225,36468,0.967,0.546262
glutamate,neuron18,158325,24659,LTct,21969,31958,36439,21952,31964,36435,0.971,0.999031
glutamate,neuron18,158325,101466,LTct,21960,32078,36389,21936,32065,36376,0.971,0.894948
glutamate,neuron18,158325,29759483113,LTct,22306,31183,37393,22301,31196,37360,0.961,0.448296
glutamate,neuron18,158325,13608,LegNp(T2)(R),27649,35908,38757,27672,35899,38758,0.972,0.999999
glutamate,neuron18,158325,27318497012,LegNp(T2)(L),21236,34370,33950,21216,34362,33948,0.963,0.999074
glutamate,neuron18,158325,28977920114,LegNp(T2)(R),25412,36529,36418,25378,36544,36419,0.966,0.496748
glutamate,neuron18,158325,11727,LegNp(T2)(R),24403,38255,35805,24377,38236,35821,0.963,0.495767
glutamate,neuron18,158325,29388006687,LegNp(T2)(L),21777,36763,36821,21787,36779,36847,0.963,0.743377
glutamate,neuron18,158325,10549,LegNp(T2)(R),25713,39272,34541,25712,39299,34528,0.97,0.981923
glutamate,neuron19,26980,11148641144,ANm,24370,10173,14259,24385,10152,14289,0.961,0.342217
glutamate,neuron19,26980,11969346388,ANm,24400,10265,15049,24390,10263,15072,0.963,0.998403
glutamate,neuron19,26980,27193,ANm,24400,10265,15049,24408,10271,15072,0.963,0.993614
glutamate,neuron19,26980,24586,ANm,24356,10224,15047,24338,10213,15020,0.961,0.420205
glutamate,neuron19,26980,11145067256,ANm,24092,9580,14420,24105,9582,14429,0.965,0.999994
glutamate,neuron19,26980,38584,ANm,24068,10739,17246,24054,10761,17234,0.962,0.995949
glutamate,neuron19,26980,13200409645,ANm,24166,10258,16500,24178,10239,16497,0.973,0.986393
glutamate,neuron19,26980,11145067408,ANm,24092,9580,14420,24102,9570,14448,0.965,0.572069
glutamate,neuron19,26980,27099,ANm,24277,10173,14220,24245,10174,14234,0.963,0.610264
glutamate,neuron19,26980,17116,ANm,24093,9510,14327,24100,9495,14335,0.961,0.996528
glutamate,neuron19,26980,11148640468,ANm,24277,10173,14220,24296,10154,14234,0.963,0.885543
glutamate,neuron19,26980,17116,ANm,24011,9360,14330,24024,9375,14341,0.963,0.998949
glutamate,neuron19,26980,13200370931,ANm,24166,10258,16500,24168,10273,16522,0.973,0.981548
glutamate,neuron19,26980,26660,ANm,24068,10739,17246,24075,10755,17256,0.962,0.976518
glutamate,neuron19,26980,12379701890,ANm,24360,10267,15582,24345,10266,15593,0.961,0.996797
glutamate,neuron19,26980,10324396186,ANm,24093,9510,14327,24095,9492,14324,0.961,0.999806
glutamate,neuron19,26980,26753,ANm,24166,10258,16500,24181,10273,16497,0.973,0.995299
glutamate,neuron19,26980,20100,ANm,24011,9360,14330,24009,9361,14346,0.963,0.986108
glutamate,neuron19,26980,163496,ANm,24277,10173,14220,24309,10176,14200,0.963,0.42032
glutamate,neuron19,26980,11148640499,ANm,24370,10173,14259,24367,10173,14233,0.961,0.877934
glutamate,neuron19,26980,17179,ANm,24068,10739,17246,24047,10720,17259,0.962,0.998001
glutamate,neuron19,26980,19305,ANm,24356,10224,15047,24345,10209,15041,0.961,0.999686
glutamate,neuron19,26980,17157,ANm,24370,10173,14259,24393,10170,14290,0.961,0.392856
glutamate,neuron19,26980,12379701650,ANm,24360,10267,15582,24379,10269,15566,0.961,0.79794
glutamate,neuron19,26980,11145067091,ANm,24092,9580,14420,24077,9597,14418,0.965,0.634666
glutamate,neuron19,26980,11972889904,ANm,24360,10267,15582,24381,10267,15619,0.961,0.365173
glutamate,neuron19,26980,24967,ANm,24277,10173,14220,24247,10144,14200,0.963,0.454864
glutamate,neuron19,26980,11145064658,ANm,24092,9580,14420,24074,9577,14401,0.965,0.739186
glutamate,neuron19,26980,11145064036,ANm,24092,9580,14420,24091,9597,14429,0.965,0.999032
glutamate,neuron19,26980,24586,ANm,24277,10173,14220,24257,10163,14218,0.963,0.945332
glutamate,neuron19,26980,12790064405,ANm,24166,10258,16500,24171,10292,16497,0.973,0.764492
glutamate,neuron19,26980,152444,ANm,24277,10173,14220,24289,10162,14205,0.963,0.82527
glutamate,neuron19,26980,13614265240,ANm,24068,10739,17246,24051,10737,17256,0.962,0.996057
glutamate,neuron19,26980,12379702044,ANm,24360,10267,15582,24382,10250,15593,0.961,0.317291
glutamate,neuron19,26980,11148640946,ANm,24370,10173,14259,24385,10156,14272,0.961,0.985059
glutamate,neuron19,26980,218335,ANm,24166,10258,16500,24177,10260,16512,0.973,0.99821
glutamate,neuron19,26980,11145065731,ANm,24093,9510,14327,24107,9499,14324,0.961,0.999295
glutamate,neuron19,26980,22623,ANm,24400,10265,15049,24386,10274,15032,0.963,0.827394
glutamate,neuron19,26980,27099,ANm,24356,10224,15047,24341,10230,15060,0.961,0.999206
glutamate,neuron19,26980,163496,ANm,24092,9580,14420,24082,9609,14418,0.965,0.427009
glutamate,neuron19,26980,11145065799,ANm,24011,9360,14330,24036,9369,14341,0.963,0.995741
glutamate,neuron19,26980,11148639802,ANm,24277,10173,14220,24274,10162,14205,0.963,0.997476
glutamate,neuron19,26980,11969346782,ANm,24400,10265,15049,24396,10276,15064,0.963,0.998992
glutamate,neuron19,26980,17157,ANm,24011,9360,14330,24034,9377,14332,0.963,0.978573
glutamate,neuron19,26980,10753,ANm,24277,10173,14220,24313,10166,14225,0.963,0.523414
glutamate,neuron19,26980,11145066891,ANm,24092,9580,14420,24112,9585,14418,0.965,0.964889
glutamate,neuron19,26980,34562,ANm,24360,10267,15582,24357,10301,15566,0.961,0.510584
glutamate,neuron19,26980,25673,ANm,24360,10267,15582,24350,10282,15593,0.961,0.875255
glutamate,neuron19,26980,11148640608,ANm,24370,10173,14259,24380,10164,14244,0.961,0.99866
glutamate,neuron19,26980,10753,ANm,24370,10173,14259,24364,10159,14244,0.961,0.995194
glutamate,neuron20,18969,13719,ANm,24073,9709,16589,24053,9719,16596,0.961,0.999985
glutamate,neuron20,18969,13547,ANm,24073,9709,16589,24064,9707,16570,0.961,0.979973
glutamate,neuron20,18969,12376126883,ANm,24036,9598,15658,24020,9578,15675,0.961,0.949207
glutamate,neuron20,18969,13614265145,ANm,23982,10742,17232,23986,10730,17239,0.961,0.999999
glutamate,neuron20,18969,9089757964,ANm,23824,9176,11822,23828,9152,11789,0.97,0.277172
glutamate,neuron20,18969,14241,ANm,24073,9709,16589,24069,9721,16570,0.961,0.99963
glutamate,neuron20,18969,12376125665,ANm,24036,9598,15658,24043,9601,15675,0.961,0.999912
glutamate,neuron20,18969,11145107098,ANm,24469,9837,14493,24475,9841,14477,0.965,0.999995
glutamate,neuron20,18969,19003,ANm,22520,7370,9844,22507,7375,9832,0.968,0.997043
glutamate,neuron20,18969,19132,ANm,24528,8798,10162,24518,8817,10190,0.966,0.615388
glutamate,neuron20,18969,17157,ANm,24036,9598,15658,24034,9591,15675,0.961,0.999964
glutamate,neuron20,18969,163733,ANm,23824,9176,11822,23812,9165,11795,0.97,0.56666
glutamate,neuron20,18969,31591,ANm,23829,9582,11383,23829,9589,11367,0.964,1.0
glutamate,neuron20,18969,7437608240,ANm,22520,7370,9844,22502,7385,9823,0.968,0.999991
glutamate,neuron20,18969,19924,ANm,23824,9176,11822,23814,9156,11828,0.97,0.999977
glutamate,neuron20,18969,8682940671,ANm,23829,9582,11383,23820,9577,11362,0.964,0.995295
glutamate,neuron20,18969,7855190135,ANm,24528,8798,10162,24514,8806,10155,0.966,1.0
glutamate,neuron20,18969,8682940183,ANm,23829,9582,11383,23849,9595,11381,0.964,0.995169
glutamate,neuron20,18969,11969351128,ANm,24483,10245,15378,24458,10242,15354,0.972,0.61112
glutamate,neuron20,18969,18674,ANm,23982,10742,17232,24001,10778,17231,0.961,0.462026
glutamate,neuron20,18969,11145101304,ANm,24469,9837,14493,24466,9860,14477,0.965,0.921246
glutamate,neuron20,18969,12376124816,ANm,24036,9598,15658,24054,9560,15646,0.961,0.524572
glutamate,neuron20,18969,7855192037,ANm,24528,8798,10162,24524,8820,10155,0.966,0.991492
glutamate,neuron20,18969,12376125378,ANm,24036,9598,15658,24058,9607,15665,0.961,0.973578
glutamate,neuron20,18969,10753,ANm,23982,10742,17232,24003,10743,17239,0.961,0.99807
glutamate,neuron20,18969,15784,ANm,24528,8798,10162,24514,8814,10171,0.966,0.993599
glutamate,neuron20,18969,17157,ANm,24469,9837,14493,24476,9826,14477,0.965,0.977265
glutamate,neuron20,18969,18379,ANm,24528,8798,10162,24525,8815,10138,0.966,0.729997
glutamate,neuron20,18969,13188,ANm,24034,9408,14438,24028,9417,14471,0.966,0.264855
glutamate,neuron20,18969,11969346388,ANm,24483,10245,15378,24465,10254,15383,0.972,0.999008
glutamate,neuron20,18969,15059,ANm,23824,9176,11822,23810,9176,11810,0.97,1.0
glutamate,neuron20,18969,12376126785,ANm,24036,9598,15658,24010,9595,15665,0.961,0.990206
glutamate,neuron20,18969,12376126326,ANm,24036,9598,15658,24025,9602,15675,0.961,0.995679
glutamate,neuron20,18969,7437608795,ANm,22520,7370,9844,22492,7366,9851,0.968,0.622477
glutamate,neuron20,18969,11555454143,ANm,24469,9837,14493,24502,9817,14503,0.965,0.211329
glutamate,neuron20,18969,17157,ANm,24034,9408,14438,24045,9430,14423,0.966,0.514632
glutamate,neuron20,18969,101706,ANm,24469,9837,14493,24472,9868,14487,0.965,0.776592
glutamate,neuron20,18969,7855192259,ANm,24528,8798,10162,24511,8798,10171,0.966,1.0
glutamate,neuron20,18969,27365,ANm,24034,9408,14438,24021,9418,14444,0.966,0.999969
glutamate,neuron20,18969,9089758305,ANm,23824,9176,11822,23839,9148,11795,0.97,0.201362
glutamate,neuron20,18969,163733,ANm,24528,8798,10162,24513,8789,10155,0.966,0.999999
glutamate,neuron20,18969,13614263695,ANm,23982,10742,17232,24016,10745,17208,0.961,0.438475
glutamate,neuron20,18969,32543,ANm,23824,9176,11822,23800,9201,11810,0.97,0.70758
glutamate,neuron20,18969,19924,ANm,23829,9582,11383,23810,9560,11367,0.964,0.570523
glutamate,neuron20,18969,20115,ANm,24073,9709,16589,24056,9707,16585,0.961,0.999112
glutamate,neuron20,18969,8682940605,ANm,23829,9582,11383,23807,9589,11381,0.964,1.0
glutamate,neuron20,18969,27099,ANm,23982,10742,17232,23963,10715,17212,0.961,0.935551
glutamate,neuron20,18969,7855191231,ANm,24528,8798,10162,24518,8781,10138,0.966,0.48085
glutamate,neuron20,18969,8682940471,ANm,23829,9582,11383,23857,9562,11354,0.964,0.406542
glutamate,neuron20,18969,7434070872,ANm,22520,7370,9844,22517,7380,9823,0.968,0.99501
