neuron_class,gt_neurotransmitter,max_nt_value,conf,body,bodyId_pre,bodyId_post,bbox_xmin,bbox_xmax,bbox_ymin,bbox_ymax,bbox_zmin,bbox_zmax,x_pre,y_pre,z_pre,x_post,y_post,z_post,any_out_of_range
neuron1,glutamate,1.0,0.979,911574041,911574041,943921248,27332.0,27362.0,13965.0,13995.0,17549.0,17579.0,27340,13984,17565,27354,13976,17563,False
neuron1,glutamate,0.9999265670776368,0.981,911574041,911574041,757694775,27293.5,27323.5,14862.5,14892.5,17039.0,17069.0,27299,14870,17054,27318,14885,17054,False
neuron1,glutamate,1.0,0.98,911574041,911574041,910783883,18797.0,18827.0,11859.0,11889.0,16192.0,16222.0,18812,11877,16198,18812,11871,16216,False
neuron1,glutamate,0.9994021654129028,0.979,911574041,911574041,912243353,18351.5,18381.5,12384.0,12414.0,16128.5,16158.5,18361,12396,16149,18372,12402,16138,False
neuron1,glutamate,1.0,0.977,911574041,911574041,911578496,27465.5,27495.5,14750.0,14780.0,17484.5,17514.5,27481,14765,17506,27480,14765,17493,False
neuron1,glutamate,1.0,0.981,911574041,911574041,692852666,18639.0,18669.0,12508.0,12538.0,15202.0,15232.0,18659,12519,15215,18649,12527,15219,False
neuron1,glutamate,1.0,0.975,911574041,911574041,1504582746,18976.0,19006.0,11465.5,11495.5,15790.5,15820.5,18998,11475,15814,18984,11486,15797,False
neuron1,glutamate,1.0,0.974,911574041,911574041,481121605,27425.0,27455.0,14721.0,14751.0,17574.5,17604.5,27438,14732,17580,27442,14740,17599,False
neuron1,glutamate,1.0,0.989,911574041,911574041,757694775,27196.0,27226.0,14561.5,14591.5,17604.5,17634.5,27211,14576,17610,27211,14577,17629,False
neuron1,glutamate,1.0,0.985,911574041,911574041,757694775,28115.5,28145.5,13816.0,13846.0,16266.5,16296.5,28124,13831,16275,28137,13831,16288,False
neuron1,glutamate,1.0,0.97,911574041,911574041,910442723,27566.5,27596.5,13588.5,13618.5,17020.5,17050.5,27575,13607,17043,27588,13600,17028,False
neuron1,glutamate,0.9999984502792358,0.972,911574041,911574041,881217171,27911.0,27941.0,14186.0,14216.0,17269.0,17299.0,27928,14208,17292,27924,14194,17276,False
neuron1,glutamate,1.0,0.957,911574041,911574041,604242162,28245.0,28275.0,13928.0,13958.0,15995.0,16025.0,28260,13945,16000,28260,13941,16020,False
neuron1,glutamate,1.0,0.994,911574041,911574041,1097407853,27420.0,27450.0,14274.5,14304.5,17308.0,17338.0,27433,14299,17322,27437,14280,17324,False
neuron1,glutamate,1.0,0.991,911574041,911574041,757694775,27184.0,27214.0,13827.0,13857.0,17516.0,17546.0,27192,13845,17529,27206,13839,17533,False
neuron2,glutamate,0.9907588958740234,0.959,612371421,612371421,799586652,19145.5,19175.5,32976.5,33006.5,16039.0,16069.0,19159,32988,16060,19162,32995,16048,False
neuron2,glutamate,0.9897612929344176,0.994,612371421,612371421,421641859,19568.0,19598.0,32450.0,32480.0,11180.5,11210.5,19575,32466,11190,19591,32464,11201,False
neuron2,glutamate,0.9979015588760376,0.986,612371421,612371421,487144598,16813.5,16843.5,31993.5,32023.5,11164.5,11194.5,16831,32007,11175,16826,32010,11184,False
neuron2,glutamate,0.987862229347229,0.977,612371421,612371421,894020730,16812.0,16842.0,32017.5,32047.5,11052.0,11082.0,16827,32020,11070,16827,32045,11064,False
neuron2,glutamate,0.9995483756065368,0.969,612371421,612371421,894020730,19973.0,20003.0,30077.0,30107.0,9867.0,9897.0,19985,30090,9890,19991,30094,9874,False
neuron2,glutamate,0.9996861219406128,0.961,612371421,612371421,424089598,18684.0,18714.0,30103.5,30133.5,13302.5,13332.5,18700,30113,13312,18698,30124,13323,False
neuron2,glutamate,0.950220227241516,0.991,612371421,612371421,5813013202,21566.0,21596.0,32770.5,32800.5,11948.5,11978.5,21577,32780,11970,21585,32791,11957,False
neuron2,glutamate,0.9985234141349792,0.983,612371421,612371421,606461310,18042.0,18072.0,31041.5,31071.5,10270.0,10300.0,18058,31062,10273,18056,31051,10297,False
neuron2,glutamate,0.998068392276764,0.97,612371421,612371421,487144598,19380.0,19410.0,30324.0,30354.0,13565.5,13595.5,19393,30344,13591,19397,30334,13570,False
neuron2,glutamate,0.992611825466156,0.957,612371421,612371421,612712334,18791.0,18821.0,30848.5,30878.5,15845.5,15875.5,18795,30864,15867,18817,30863,15854,False
neuron2,glutamate,0.9841896891593932,0.993,612371421,612371421,544107335,18066.0,18096.0,31210.0,31240.0,11192.5,11222.5,18072,31220,11207,18090,31230,11208,False
neuron2,glutamate,0.9185526967048644,0.973,612371421,612371421,799586652,18723.0,18753.0,33094.0,33124.0,14911.5,14941.5,18741,33114,14921,18735,33104,14932,False
neuron2,glutamate,0.9989981055259703,0.973,612371421,612371421,644153089,19593.0,19623.0,34040.5,34070.5,12805.5,12835.5,19603,34064,12819,19613,34047,12822,False
neuron2,glutamate,0.999991536140442,0.984,612371421,612371421,644417074,17928.5,17958.5,31084.0,31114.0,9897.0,9927.0,17925,31100,9907,17962,31098,9917,True
neuron2,glutamate,0.9895259141921996,0.995,612371421,612371421,612738462,18661.5,18691.5,31065.0,31095.0,13585.5,13615.5,18683,31071,13602,18670,31089,13599,False
neuron3,glutamate,0.8048260807991028,0.986,422725634,422725634,5813022341,20294.5,20324.5,30245.5,30275.5,19843.0,19873.0,20314,30269,19862,20305,30252,19854,False
neuron3,glutamate,0.9694953560829164,0.992,422725634,422725634,733036127,14953.0,14983.0,30164.0,30194.0,15980.5,16010.5,14968,30174,16003,14968,30184,15988,False
neuron3,glutamate,0.9113816022872924,0.986,422725634,422725634,1109568718,15599.5,15629.5,29367.0,29397.0,16869.0,16899.0,15626,29379,16885,15603,29385,16883,False
neuron3,glutamate,0.9579970240592957,0.989,422725634,422725634,423382015,15061.0,15091.0,28617.5,28647.5,11720.0,11750.0,15086,28635,11733,15066,28630,11737,False
neuron3,glutamate,0.925450086593628,0.99,422725634,422725634,5813055820,15342.5,15372.5,22801.5,22831.5,8738.5,8768.5,15357,22822,8746,15358,22811,8761,False
neuron3,glutamate,0.9878681898117064,0.968,422725634,422725634,667857582,19938.5,19968.5,33601.5,33631.5,16381.0,16411.0,19947,33619,16402,19960,33614,16390,False
neuron3,glutamate,0.9877370595932008,0.996,422725634,422725634,733036127,15542.5,15572.5,29926.5,29956.5,16425.0,16455.0,15554,29940,16430,15561,29943,16450,False
neuron3,glutamate,0.9120056629180908,0.981,422725634,422725634,517854468,15597.0,15627.0,30047.0,30077.0,11856.5,11886.5,15606,30059,11863,15618,30065,11880,False
neuron3,glutamate,0.9306886792182922,0.993,422725634,422725634,5813010210,15180.0,15210.0,25156.5,25186.5,8296.5,8326.5,15197,25172,8319,15193,25171,8304,False
neuron3,glutamate,0.9920558333396912,0.975,422725634,422725634,517854468,19271.0,19301.0,27370.0,27400.0,6144.0,6174.0,19277,27384,6155,19295,27386,6163,False
neuron3,glutamate,0.5459027290344238,0.964,422725634,422725634,424789697,20519.5,20549.5,31368.0,31398.0,19606.5,19636.5,20537,31392,19619,20532,31374,19624,False
neuron3,glutamate,1.0,0.994,422725634,422725634,454041627,13004.0,13034.0,29081.5,29111.5,8754.0,8784.0,13015,29087,8781,13023,29106,8757,False
neuron3,glutamate,0.9766422510147096,0.996,422725634,422725634,766298734,14166.5,14196.5,31829.0,31859.0,17736.5,17766.5,14183,31854,17745,14180,31834,17758,False
neuron3,glutamate,0.8588404059410095,0.995,422725634,422725634,579230376,15561.0,15591.0,27714.5,27744.5,10431.5,10461.5,15568,27734,10441,15584,27725,10452,False
neuron3,glutamate,0.9246553182601928,0.996,422725634,422725634,360319323,16646.5,16676.5,26190.0,26220.0,7807.0,7837.0,16671,26209,7827,16652,26201,7817,False
neuron4,glutamate,1.0,0.956,911911699,911911699,693755250,19114.0,19144.0,12093.0,12123.0,15666.5,15696.5,19133,12113,15684,19125,12103,15679,False
neuron4,glutamate,1.0,0.998,911911699,911911699,910783883,18831.5,18861.5,12881.0,12911.0,16199.5,16229.5,18853,12888,16210,18840,12904,16219,False
neuron4,glutamate,1.0,0.96,911911699,911911699,5813047157,28010.5,28040.5,15417.0,15447.0,15557.0,15587.0,28024,15442,15566,28027,15422,15578,False
neuron4,glutamate,1.0,0.991,911911699,911911699,882239837,28112.5,28142.5,14770.0,14800.0,15866.0,15896.0,28119,14789,15886,28136,14781,15876,False
neuron4,glutamate,1.0,0.951,911911699,911911699,481121605,28612.0,28642.0,14597.0,14627.0,15793.0,15823.0,28632,14602,15802,28622,14622,15814,False
neuron4,glutamate,1.0,0.976,911911699,911911699,911919044,28430.0,28460.0,14554.5,14584.5,15768.5,15798.5,28442,14575,15789,28448,14564,15778,False
neuron4,glutamate,1.0,0.98,911911699,911911699,941810314,28523.0,28553.0,14564.0,14594.0,16124.0,16154.0,28540,14582,16133,28536,14576,16145,False
neuron4,glutamate,1.0,0.974,911911699,911911699,693755250,19151.0,19181.0,11943.5,11973.5,15756.5,15786.5,19163,11955,15781,19169,11962,15762,False
neuron4,glutamate,0.998058259487152,0.98,911911699,911911699,942522378,18257.0,18287.0,12683.0,12713.0,15142.5,15172.5,18268,12688,15164,18276,12708,15151,False
neuron4,glutamate,1.0,0.961,911911699,911911699,1002848661,19286.0,19316.0,12347.5,12377.5,15695.5,15725.5,19297,12371,15698,19305,12354,15723,False
neuron4,glutamate,0.9999994039535522,0.951,911911699,911911699,973963898,29041.0,29071.0,14669.0,14699.0,15787.5,15817.5,29056,14673,15807,29056,14695,15798,False
neuron4,glutamate,1.0,0.972,911911699,911911699,1002507170,19071.5,19101.5,12896.5,12926.5,16337.5,16367.5,19080,12902,16353,19093,12921,16352,False
neuron4,glutamate,1.0,0.971,911911699,911911699,941469087,28839.0,28869.0,15331.5,15361.5,15491.5,15521.5,28852,15340,15512,28856,15353,15501,False
neuron4,glutamate,1.0,0.973,911911699,911911699,1258686925,27907.5,27937.5,15313.5,15343.5,16537.5,16567.5,27912,15327,16548,27933,15330,16557,False
neuron4,glutamate,1.0,0.954,911911699,911911699,943269573,27630.0,27660.0,15238.5,15268.5,16108.0,16138.0,27645,15248,16134,27645,15259,16112,False
neuron5,glutamate,0.9999910593032836,0.972,880880259,880880259,880875861,31017.5,31047.5,15118.0,15148.0,13561.0,13591.0,31029,15131,13593,31036,15135,13559,True
neuron5,glutamate,1.0,0.973,880880259,880880259,911919917,20908.5,20938.5,14580.0,14610.0,13708.0,13738.0,20917,14600,13719,20930,14590,13727,False
neuron5,glutamate,1.0,0.978,880880259,880880259,789130596,30294.5,30324.5,15284.0,15314.0,13147.0,13177.0,30313,15292,13156,30306,15306,13168,False
neuron5,glutamate,0.999997854232788,0.975,880880259,880880259,911578595,30415.5,30445.5,14858.0,14888.0,13541.0,13571.0,30440,14865,13556,30421,14881,13556,False
neuron5,glutamate,1.0,0.957,880880259,880880259,540493022,29449.0,29479.0,15339.0,15369.0,12864.5,12894.5,29471,15356,12880,29457,15352,12879,False
neuron5,glutamate,1.0,0.958,880880259,880880259,910783731,20026.5,20056.5,14228.5,14258.5,13220.0,13250.0,20035,14237,13238,20048,14250,13232,False
neuron5,glutamate,0.9281304478645324,0.998,880880259,880880259,387023620,30178.0,30208.0,14896.0,14926.0,13624.0,13654.0,30189,14915,13633,30197,14907,13645,False
neuron5,glutamate,0.9997766613960266,0.954,880880259,880880259,880875927,30683.0,30713.0,15545.0,15575.0,13549.5,13579.5,30705,15564,13558,30691,15556,13571,False
neuron5,glutamate,1.0,0.989,880880259,880880259,387023620,29579.5,29609.5,15373.5,15403.5,12944.5,12974.5,29589,15386,12955,29600,15391,12964,False
neuron5,glutamate,1.0,0.961,880880259,880880259,387023620,30157.0,30187.0,14960.5,14990.5,13487.0,13517.0,30173,14986,13501,30171,14965,13503,False
neuron5,glutamate,0.999997615814209,0.974,880880259,880880259,910447220,20402.5,20432.5,14935.5,14965.5,14029.0,14059.0,20421,14943,14036,20414,14958,14052,False
neuron5,glutamate,1.0,0.958,880880259,880880259,849421763,20020.5,20050.5,14221.5,14251.5,13214.5,13244.5,20035,14237,13238,20036,14236,13221,False
neuron5,glutamate,1.0,0.951,880880259,880880259,849421763,20263.0,20293.0,14481.0,14511.0,13275.0,13305.0,20272,14490,13291,20284,14502,13289,False
neuron5,glutamate,1.0,0.968,880880259,880880259,849421763,20307.0,20337.0,14477.5,14507.5,13298.5,13328.5,20318,14486,13321,20326,14499,13306,False
neuron5,glutamate,0.9999934434890748,0.987,880880259,880880259,880875742,30434.0,30464.0,15463.0,15493.0,13069.5,13099.5,30444,15469,13088,30454,15487,13081,False
neuron6,glutamate,1.0,0.993,880875736,880875736,1200053009,21808.5,21838.5,14245.5,14275.5,14494.5,14524.5,21830,14261,14504,21817,14260,14515,False
neuron6,glutamate,0.999749481678009,0.98,880875736,880875736,5813010807,22245.0,22275.0,13929.5,13959.5,13844.5,13874.5,22270,13944,13857,22250,13945,13862,False
neuron6,glutamate,0.9999991655349731,0.955,880875736,880875736,387023620,30974.0,31004.0,15198.5,15228.5,14580.5,14610.5,30986,15219,14601,30992,15208,14590,False
neuron6,glutamate,0.9999626874923706,0.996,880875736,880875736,5813010807,21695.5,21725.5,14265.5,14295.5,14291.0,14321.0,21729,14269,14293,21692,14292,14319,True
neuron6,glutamate,0.9990012049674988,0.976,880875736,880875736,911911193,22526.5,22556.5,13707.5,13737.5,14456.0,14486.0,22539,13720,14464,22544,13725,14478,False
neuron6,glutamate,0.9999713897705078,0.987,880875736,880875736,1167282562,21854.0,21884.0,13839.0,13869.0,13909.0,13939.0,21860,13857,13933,21878,13851,13915,False
neuron6,glutamate,1.0,0.997,880875736,880875736,911134017,21351.0,21381.0,14549.5,14579.5,14106.0,14136.0,21368,14551,14117,21364,14578,14125,False
neuron6,glutamate,1.0,0.975,880875736,880875736,569481415,31191.0,31221.0,15188.0,15218.0,14167.5,14197.5,31211,15208,14190,31201,15198,14175,False
neuron6,glutamate,0.9998912811279296,0.995,880875736,880875736,1535298439,22574.5,22604.5,13646.5,13676.5,14252.5,14282.5,22589,13654,14259,22590,13669,14276,False
neuron6,glutamate,1.0,0.98,880875736,880875736,446714544,31631.0,31661.0,15735.0,15765.0,13981.0,14011.0,31640,15747,13986,31652,15753,14006,False
neuron6,glutamate,1.0,0.984,880875736,880875736,446714544,31625.0,31655.0,15793.5,15823.5,13743.5,13773.5,31632,15804,13763,31648,15813,13754,False
neuron6,glutamate,0.9949644804000854,0.992,880875736,880875736,881458145,22773.5,22803.5,13990.5,14020.5,14077.0,14107.0,22794,13996,14097,22783,14015,14087,False
neuron6,glutamate,0.9999996423721312,0.986,880875736,880875736,911574261,31320.0,31350.0,15037.5,15067.5,13970.0,14000.0,31345,15046,13988,31325,15059,13982,False
neuron6,glutamate,0.9999860525131226,0.968,880875736,880875736,941939879,31702.5,31732.5,14972.5,15002.5,13839.5,13869.5,31714,14998,13850,31721,14977,13859,False
neuron6,glutamate,1.0,0.965,880875736,880875736,1631450739,31220.5,31250.5,15306.5,15336.5,14178.0,14208.0,31242,15314,14191,31229,15329,14195,False
neuron7,glutamate,0.9992058873176576,0.965,5813048042,5813048042,1095275456,30988.0,31018.0,15901.0,15931.0,12869.5,12899.5,31013,15919,12891,30993,15913,12878,False
neuron7,glutamate,0.9999868869781494,0.981,5813048042,5813048042,881458145,21823.0,21853.0,14734.0,14764.0,14173.5,14203.5,21838,14741,14195,21838,14757,14182,False
neuron7,glutamate,1.0,0.978,5813048042,5813048042,941810314,22482.0,22512.0,14415.5,14445.5,14060.5,14090.5,22495,14428,14090,22499,14433,14061,False
neuron7,glutamate,1.0,0.958,5813048042,5813048042,1631450739,31169.5,31199.5,15802.0,15832.0,13176.0,13206.0,31191,15823,13183,31178,15811,13199,False
neuron7,glutamate,0.9999120235443116,0.952,5813048042,5813048042,911565319,31237.0,31267.0,15984.5,16014.5,13714.5,13744.5,31241,15998,13730,31263,16001,13729,False
neuron7,glutamate,0.9999667406082152,0.994,5813048042,5813048042,1095275456,31142.0,31172.0,15961.5,15991.5,13811.5,13841.5,31160,15984,13826,31154,15969,13827,False
neuron7,glutamate,0.9999986886978148,0.978,5813048042,5813048042,1631450739,31231.5,31261.5,15960.5,15990.5,13508.5,13538.5,31249,15966,13519,31244,15985,13528,False
neuron7,glutamate,0.9998561143875122,0.99,5813048042,5813048042,850104005,21485.0,21515.0,14275.0,14305.0,14661.0,14691.0,21502,14299,14672,21498,14281,14680,False
neuron7,glutamate,0.9995647072792052,0.98,5813048042,5813048042,1073504644,21149.0,21179.0,14343.0,14373.0,14887.0,14917.0,21177,14357,14908,21151,14359,14896,False
neuron7,glutamate,0.9987976551055908,0.993,5813048042,5813048042,911911193,22170.0,22200.0,14319.5,14349.5,14497.0,14527.0,22185,14343,14514,22185,14326,14510,False
neuron7,glutamate,0.999923586845398,0.981,5813048042,5813048042,1167282562,21918.5,21948.5,14247.5,14277.5,14239.5,14269.5,21940,14262,14262,21927,14263,14247,False
neuron7,glutamate,1.0,0.989,5813048042,5813048042,5813014882,20964.0,20994.0,14630.0,14660.0,14922.5,14952.5,20986,14646,14927,20972,14644,14948,False
neuron7,glutamate,0.9999350309371948,0.99,5813048042,5813048042,848800043,31082.0,31112.0,15871.0,15901.0,13459.0,13489.0,31084,15885,13472,31110,15887,13476,False
neuron7,glutamate,0.999986171722412,0.955,5813048042,5813048042,880875840,31235.0,31265.0,15826.0,15856.0,13250.5,13280.5,31252,15831,13266,31248,15851,13265,False
neuron7,glutamate,0.9971850514411926,0.991,5813048042,5813048042,942172835,22027.5,22057.5,14664.5,14694.5,14603.5,14633.5,22049,14672,14625,22036,14687,14612,False
neuron8,glutamate,0.9315484762191772,0.952,673509195,673509195,672861972,32686.0,32716.0,31913.0,31943.0,10710.5,10740.5,32694,31924,10731,32708,31932,10720,False
neuron8,glutamate,0.9750184416770936,0.976,673509195,673509195,1386512867,32488.0,32518.0,32119.5,32149.5,16583.0,16613.0,32498,32138,16589,32508,32131,16607,False
neuron8,glutamate,0.9324817061424256,0.954,673509195,673509195,801434494,30353.0,30383.0,32887.0,32917.0,12035.0,12065.0,30371,32902,12058,30365,32902,12042,False
neuron8,glutamate,0.968203604221344,0.957,673509195,673509195,5813088360,28634.0,28664.0,26472.5,26502.5,10402.5,10432.5,28656,26494,10424,28642,26481,10411,False
neuron8,glutamate,0.9999419450759888,0.96,673509195,673509195,800743420,32222.0,32252.0,32375.0,32405.0,12380.0,12410.0,32228,32389,12396,32246,32391,12394,False
neuron8,glutamate,0.9999277591705322,0.978,673509195,673509195,5813088360,29655.0,29685.0,31975.5,32005.5,12263.5,12293.5,29668,31999,12275,29672,31982,12282,False
neuron8,glutamate,0.9821210503578186,0.974,673509195,673509195,675567895,29354.5,29384.5,28016.0,28046.0,10123.0,10153.0,29375,28041,10143,29364,28021,10133,False
neuron8,glutamate,0.9264817833900452,0.978,673509195,673509195,487144598,19307.5,19337.5,31877.0,31907.0,13788.5,13818.5,19328,31881,13809,19317,31903,13798,False
neuron8,glutamate,0.9994296431541444,0.961,673509195,673509195,425260166,31177.0,31207.0,32160.5,32190.5,12359.5,12389.5,31184,32180,12376,31200,32171,12373,False
neuron8,glutamate,0.9996839761734008,0.983,673509195,673509195,673513680,29170.0,29200.0,27364.0,27394.0,10031.0,10061.0,29193,27387,10044,29177,27371,10048,False
neuron8,glutamate,0.9946816563606262,0.988,673509195,673509195,5813088360,30374.5,30404.5,30657.0,30687.0,10801.0,10831.0,30387,30677,10811,30392,30667,10821,False
neuron8,glutamate,0.999438464641571,0.985,673509195,673509195,487925063,31901.0,31931.0,32731.5,32761.5,13189.5,13219.5,31903,32744,13202,31929,32749,13207,False
neuron8,glutamate,0.93683522939682,0.981,673509195,673509195,1386512867,32793.0,32823.0,31672.0,31702.0,16272.0,16302.0,32808,31686,16292,32808,31688,16282,False
neuron8,glutamate,0.999874711036682,0.983,673509195,673509195,704543953,29590.0,29620.0,28247.5,28277.5,10245.0,10275.0,29604,28253,10253,29606,28272,10267,False
neuron8,glutamate,0.9989540576934814,0.982,673509195,673509195,644529212,32400.0,32430.0,32351.0,32381.0,11343.0,11373.0,32419,32372,11356,32411,32360,11360,False
neuron9,glutamate,0.9999366998672484,0.994,911574261,911574261,851493896,26498.5,26528.5,15186.5,15216.5,17047.0,17077.0,26507,15192,17060,26520,15211,17064,False
neuron9,glutamate,0.9999992847442628,0.972,911574261,911574261,880880259,27409.5,27439.5,14487.5,14517.5,16884.5,16914.5,27426,14493,16904,27423,14512,16895,False
neuron9,glutamate,1.0,0.966,911574261,911574261,5813040233,19061.5,19091.5,11052.0,11082.0,16591.0,16621.0,19083,11064,16603,19070,11070,16609,False
neuron9,glutamate,0.9999992847442628,0.974,911574261,911574261,944262351,26597.5,26627.5,15039.5,15069.5,17798.0,17828.0,26612,15046,17822,26613,15063,17804,False
neuron9,glutamate,0.9999998807907104,0.971,911574261,911574261,1128092885,26751.0,26781.0,14808.5,14838.5,16285.0,16315.0,26776,14820,16306,26756,14827,16294,False
neuron9,glutamate,1.0,0.954,911574261,911574261,1128092885,27219.0,27249.0,14154.5,14184.5,15888.5,15918.5,27231,14170,15916,27237,14169,15891,False
neuron9,glutamate,1.0,0.988,911574261,911574261,851493896,26994.0,27024.0,14590.5,14620.5,16631.5,16661.5,27016,14600,16651,27002,14611,16642,False
neuron9,glutamate,1.0,0.994,911574261,911574261,910783961,26963.0,26993.0,15169.0,15199.0,16915.5,16945.5,26979,15175,16936,26977,15193,16925,False
neuron9,glutamate,1.0,0.975,911574261,911574261,1158747783,27334.0,27364.0,14467.5,14497.5,16979.5,17009.5,27357,14477,16992,27341,14488,16997,False
neuron9,glutamate,0.9999922513961792,0.955,911574261,911574261,1094934199,18842.5,18872.5,11264.0,11294.0,16112.0,16142.0,18854,11270,16119,18861,11288,16135,False
neuron9,glutamate,0.9999911785125732,0.967,911574261,911574261,880530613,18658.5,18688.5,11533.5,11563.5,15815.0,15845.0,18668,11530,15831,18679,11567,15829,True
neuron9,glutamate,0.9999202489852904,0.978,911574261,911574261,1128092885,26493.5,26523.5,14911.5,14941.5,16497.5,16527.5,26509,14938,16507,26508,14915,16518,False
neuron9,glutamate,0.9999829530715942,0.96,911574261,911574261,1126310776,19138.0,19168.0,11836.5,11866.5,16202.0,16232.0,19157,11860,16219,19149,11843,16215,False
neuron9,glutamate,1.0,0.993,911574261,911574261,880880259,27343.0,27373.0,14321.5,14351.5,17024.5,17054.5,27360,14340,17033,27356,14333,17046,False
neuron9,glutamate,0.9999988079071044,0.955,911574261,911574261,1062526223,18683.5,18713.5,11215.0,11245.0,16616.5,16646.5,18690,11223,16632,18707,11237,16631,False
neuron10,glutamate,1.0,0.969,613079053,613079053,5901213440,20256.5,20286.5,29800.5,29830.5,13785.0,13815.0,20274,29825,13802,20269,29806,13798,False
neuron10,glutamate,0.9999359846115112,0.991,613079053,613079053,5901213440,21005.5,21035.5,28374.0,28404.0,15525.0,15555.0,21013,28394,15547,21028,28384,15533,False
neuron10,glutamate,0.6769766807556152,0.996,613079053,613079053,5901192948,18211.0,18241.0,31976.0,32006.0,14964.0,14994.0,18224,31991,14987,18228,31991,14971,False
neuron10,glutamate,0.9968475699424744,0.982,613079053,613079053,5812980746,33188.5,33218.5,28413.5,28443.5,13747.0,13777.0,33211,28429,13766,33196,28428,13758,False
neuron10,glutamate,0.992724359035492,0.985,613079053,613079053,487187476,31999.0,32029.0,31135.5,31165.5,14526.5,14556.5,32017,31150,14534,32011,31151,14549,False
neuron10,glutamate,0.9376530647277832,0.953,613079053,613079053,455141922,18897.0,18927.0,30987.5,31017.5,14002.0,14032.0,18910,30997,14008,18914,31008,14026,False
neuron10,glutamate,0.9716911911964417,0.994,613079053,613079053,765637439,32115.0,32145.0,28495.5,28525.5,14189.0,14219.0,32129,28518,14198,32131,28503,14210,False
neuron10,glutamate,0.9977128505706788,0.987,613079053,613079053,765810666,19110.5,19140.5,31207.5,31237.5,14376.0,14406.0,19136,31232,14397,19115,31213,14385,False
neuron10,glutamate,0.9962499737739564,0.995,613079053,613079053,5813082459,21094.5,21124.5,32553.0,32583.0,14466.5,14496.5,21100,32573,14486,21119,32563,14477,False
neuron10,glutamate,0.999958872795105,0.975,613079053,613079053,417834021,19012.0,19042.0,28766.5,28796.5,14709.0,14739.0,19025,28783,14737,19029,28780,14711,False
neuron10,glutamate,0.9999958276748656,0.951,613079053,613079053,734408687,19675.0,19705.0,28538.0,28568.0,17529.0,17559.0,19697,28553,17538,19683,28553,17550,False
neuron10,glutamate,0.9601783752441406,0.963,613079053,613079053,448204394,20997.0,21027.0,32657.5,32687.5,14550.5,14580.5,21023,32669,14568,21001,32676,14563,False
neuron10,glutamate,0.9641117453575134,0.97,613079053,613079053,922703227,18694.0,18724.0,30210.5,30240.5,13915.5,13945.5,18705,30220,13939,18713,30231,13922,False
neuron10,glutamate,0.7247708439826965,0.986,613079053,613079053,519046655,32079.0,32109.0,27101.5,27131.5,12852.0,12882.0,32102,27125,12870,32086,27108,12864,False
neuron10,glutamate,0.8400493264198303,0.989,613079053,613079053,5901213440,17851.5,17881.5,29832.0,29862.0,16179.5,16209.5,17873,29856,16193,17860,29838,16196,False
neuron11,glutamate,0.999998927116394,0.975,941482720,941482720,666994301,24993.0,25023.0,14985.5,15015.5,16298.0,16328.0,24999,15007,16320,25017,14994,16306,False
neuron11,glutamate,0.9999955892562866,0.999,941482720,941482720,912488890,23371.0,23401.0,14256.0,14286.0,16450.5,16480.5,23385,14264,16474,23387,14278,16457,False
neuron11,glutamate,0.9999487400054932,0.978,941482720,941482720,5813080838,24119.0,24149.0,14257.0,14287.0,16201.0,16231.0,24138,14276,16222,24130,14268,16210,False
neuron11,glutamate,0.9861721396446228,0.999,941482720,941482720,572167413,23977.0,24007.0,13826.5,13856.5,16644.0,16674.0,23999,13846,16652,23985,13837,16666,False
neuron11,glutamate,0.9915962815284728,0.995,941482720,941482720,786013856,23414.0,23444.0,14269.0,14299.0,16600.5,16630.5,23427,14288,16609,23431,14280,16622,False
neuron11,glutamate,0.999579131603241,0.999,941482720,941482720,1008028537,23380.5,23410.5,14894.0,14924.0,15490.5,15520.5,23393,14912,15513,23398,14906,15498,False
neuron11,glutamate,0.999998927116394,0.975,941482720,941482720,1629093706,24989.5,25019.5,14978.0,15008.0,16307.5,16337.5,24999,15007,16320,25010,14979,16325,False
neuron11,glutamate,1.0,0.997,941482720,941482720,880880259,23923.5,23953.5,14191.0,14221.0,16389.0,16419.0,23946,14212,16400,23931,14200,16408,False
neuron11,glutamate,0.9994460940361024,0.97,941482720,941482720,1004017998,33336.0,33366.0,13523.5,13553.5,14944.0,14974.0,33358,13532,14960,33344,13545,14958,False
neuron11,glutamate,0.999579131603241,0.999,941482720,941482720,1628743785,23384.5,23414.5,14901.0,14931.0,15490.5,15520.5,23393,14912,15513,23406,14920,15498,False
neuron11,glutamate,0.999579131603241,0.999,941482720,941482720,881458181,23386.0,23416.0,14895.0,14925.0,15496.0,15526.0,23393,14912,15513,23409,14908,15509,False
neuron11,glutamate,0.9958425164222716,0.978,941482720,941482720,1004014587,33296.5,33326.5,13721.0,13751.0,15735.5,15765.5,33316,13729,15747,33307,13743,15754,False
neuron11,glutamate,1.0,0.997,941482720,941482720,912488890,23415.5,23445.5,14701.0,14731.0,16520.5,16550.5,23416,14720,16539,23445,14712,16532,False
neuron11,glutamate,0.9999998807907104,0.999,941482720,941482720,570461892,23861.0,23891.0,15323.5,15353.5,15572.0,15602.0,23885,15335,15589,23867,15342,15585,False
neuron11,glutamate,1.0,0.998,941482720,941482720,786013856,23400.5,23430.5,14634.0,14664.0,16543.5,16573.5,23405,14645,16555,23426,14653,16562,False
neuron12,glutamate,1.0,0.952,910783961,910783961,1095275456,28656.0,28686.0,15136.5,15166.5,14078.5,14108.5,28672,15154,14101,28670,15149,14086,False
neuron12,glutamate,1.0,0.982,910783961,910783961,912925080,28136.5,28166.5,15010.5,15040.5,14193.0,14223.0,28160,15021,14211,28143,15030,14205,False
neuron12,glutamate,1.0,0.973,910783961,910783961,1095275456,28874.0,28904.0,15523.5,15553.5,14881.5,14911.5,28881,15548,14897,28897,15529,14896,False
neuron12,glutamate,1.0,0.954,910783961,910783961,911129204,28826.0,28856.0,15589.5,15619.5,14609.5,14639.5,28841,15600,14635,28841,15609,14614,False
neuron12,glutamate,1.0,0.968,910783961,910783961,941123943,19755.0,19785.0,13019.5,13049.5,14844.0,14874.0,19757,13036,14854,19783,13033,14864,False
neuron12,glutamate,1.0,0.979,910783961,910783961,786989395,19441.5,19471.5,12407.0,12437.0,14046.0,14076.0,19447,12422,14063,19466,12422,14059,False
neuron12,glutamate,1.0,0.969,910783961,910783961,882239837,28226.5,28256.5,14791.0,14821.0,14125.5,14155.5,28242,14807,14132,28241,14805,14149,False
neuron12,glutamate,1.0,0.962,910783961,910783961,911906936,18519.5,18549.5,13064.0,13094.0,14264.0,14294.0,18542,13081,14286,18527,13077,14272,False
neuron12,glutamate,1.0,0.965,910783961,910783961,1292423935,28659.0,28689.0,15542.0,15572.0,14652.5,14682.5,28678,15554,14677,28670,15560,14658,False
neuron12,glutamate,1.0,0.98,910783961,910783961,911578496,28715.5,28745.5,15383.5,15413.5,14538.0,14568.0,28740,15400,14552,28721,15397,14554,False
neuron12,glutamate,0.9999643564224244,0.988,910783961,910783961,693755250,19120.5,19150.5,12276.5,12306.5,14505.5,14535.5,19138,12291,14516,19133,12292,14525,False
neuron12,glutamate,1.0,0.968,910783961,910783961,971817711,19078.5,19108.5,12573.0,12603.0,14987.5,15017.5,19084,12591,14993,19103,12585,15012,False
neuron12,glutamate,0.9999951124191284,0.97,910783961,910783961,5813061383,28220.5,28250.5,15041.5,15071.5,14292.5,14322.5,28234,15054,14298,28237,15059,14317,False
neuron12,glutamate,1.0,0.984,910783961,910783961,912925080,27865.0,27895.0,14877.5,14907.5,15091.5,15121.5,27883,14893,15100,27877,14892,15113,False
neuron12,glutamate,1.0,0.985,910783961,910783961,912925080,27935.0,27965.0,14891.0,14921.0,14201.5,14231.5,27943,14901,14212,27957,14911,14221,False
neuron13,glutamate,0.9999997615814208,0.97,487925063,487925063,424918786,31095.5,31125.5,27175.0,27205.0,16110.5,16140.5,31104,27188,16119,31117,27192,16132,False
neuron13,glutamate,0.9999889135360718,0.979,487925063,487925063,549252548,16667.5,16697.5,25517.0,25547.0,9775.5,9805.5,16685,25518,9800,16680,25546,9781,False
neuron13,glutamate,0.9881616234779358,0.987,487925063,487925063,639585968,17567.5,17597.5,30241.5,30271.5,15181.0,15211.0,17587,30248,15192,17578,30265,15200,False
neuron13,glutamate,0.9997301697731018,0.973,487925063,487925063,5813062858,19013.0,19043.0,29162.0,29192.0,11501.0,11531.0,19023,29172,11511,19033,29182,11521,False
neuron13,glutamate,0.95216965675354,0.994,487925063,487925063,5901212906,18114.5,18144.5,27659.5,27689.5,12206.0,12236.0,18121,27678,12218,18138,27671,12224,False
neuron13,glutamate,0.9754433631896972,0.968,487925063,487925063,5901213440,16679.5,16709.5,28928.5,28958.5,15429.5,15459.5,16689,28934,15453,16700,28953,15436,False
neuron13,glutamate,0.9833654761314392,0.995,487925063,487925063,547888586,16599.5,16629.5,25941.0,25971.0,9821.0,9851.0,16623,25964,9837,16606,25948,9835,False
neuron13,glutamate,0.5943781137466431,0.97,487925063,487925063,922496175,29115.0,29145.0,30207.5,30237.5,15220.5,15250.5,29126,30236,15234,29134,30209,15237,False
neuron13,glutamate,0.9955385327339172,0.981,487925063,487925063,734088804,17297.5,17327.5,29684.0,29714.0,15443.5,15473.5,17323,29691,15462,17302,29707,15455,False
neuron13,glutamate,0.9984076619148254,0.986,487925063,487925063,1076963326,29160.0,29190.0,27619.5,27649.5,15641.5,15671.5,29175,27626,15663,29175,27643,15650,False
neuron13,glutamate,0.9999843835830688,0.958,487925063,487925063,674882250,30709.0,30739.0,30137.0,30167.0,13200.5,13230.5,30719,30145,13208,30729,30159,13223,False
neuron13,glutamate,0.9726626873016356,0.974,487925063,487925063,675822802,19546.5,19576.5,30153.5,30183.5,13757.0,13787.0,19564,30169,13760,19559,30168,13784,False
neuron13,glutamate,0.9994701743125916,0.956,487925063,487925063,734408687,20793.0,20823.0,27989.5,28019.5,14560.5,14590.5,20813,27989,14578,20803,28020,14573,True
neuron13,glutamate,0.9908496141433716,0.96,487925063,487925063,5812980746,31681.5,31711.5,27951.5,27981.5,16696.0,16726.0,31701,27962,16708,31692,27971,16714,False
neuron13,glutamate,0.9807641506195068,0.976,487925063,487925063,549252548,16691.0,16721.0,23954.0,23984.0,10172.0,10202.0,16718,23973,10173,16694,23965,10201,False
neuron14,glutamate,1.0,0.998,881221166,881221166,5813048042,26388.5,26418.5,15270.5,15300.5,17370.5,17400.5,26397,15290,17392,26410,15281,17379,False
neuron14,glutamate,1.0,0.995,881221166,881221166,1128092885,26543.0,26573.0,13519.5,13549.5,16361.0,16391.0,26564,13524,16373,26552,13545,16379,False
neuron14,glutamate,0.9999998807907104,0.969,881221166,881221166,973959177,27201.0,27231.0,13848.5,13878.5,16609.5,16639.5,27206,13864,16623,27226,13863,16626,False
neuron14,glutamate,0.9999954700469972,0.98,881221166,881221166,911919044,26362.5,26392.5,14703.5,14733.5,17277.5,17307.5,26389,14717,17293,26366,14720,17292,False
neuron14,glutamate,1.0,0.998,881221166,881221166,851493896,26281.0,26311.0,14948.0,14978.0,17548.5,17578.5,26301,14970,17573,26291,14956,17554,False
neuron14,glutamate,0.99995756149292,0.984,881221166,881221166,911919917,26368.0,26398.0,15109.0,15139.0,17573.5,17603.5,26379,15135,17584,26387,15113,17593,False
neuron14,glutamate,1.0,0.995,881221166,881221166,787374226,26001.5,26031.5,14208.0,14238.0,17455.0,17485.0,26020,14228,17463,26013,14218,17477,False
neuron14,glutamate,0.9999990463256836,0.984,881221166,881221166,1381484065,26643.5,26673.5,14041.0,14071.0,16362.0,16392.0,26662,14050,16377,26655,14062,16377,False
neuron14,glutamate,0.9999676942825316,0.994,881221166,881221166,1258073453,26541.5,26571.5,15122.5,15152.5,17771.5,17801.5,26547,15137,17778,26566,15138,17795,False
neuron14,glutamate,0.9934413433074952,0.966,881221166,881221166,1168664447,33581.5,33611.5,13697.5,13727.5,17969.0,17999.0,33600,13714,17990,33593,13711,17978,False
neuron14,glutamate,0.9974151849746704,0.967,881221166,881221166,1168664447,33757.5,33787.5,13201.5,13231.5,17813.0,17843.0,33781,13210,17821,33764,13223,17835,False
neuron14,glutamate,0.9999998807907104,0.97,881221166,881221166,1128092885,26407.5,26437.5,13864.5,13894.5,16317.0,16347.0,26420,13889,16332,26425,13870,16332,False
neuron14,glutamate,0.9999994039535522,0.981,881221166,881221166,1168664447,33528.5,33558.5,13609.5,13639.5,18420.5,18450.5,33551,13633,18438,33536,13616,18433,False
neuron14,glutamate,0.998563826084137,0.995,881221166,881221166,1199677638,33522.5,33552.5,13865.0,13895.0,17917.5,17947.5,33533,13890,17925,33542,13870,17940,False
neuron14,glutamate,0.9999902248382568,0.99,881221166,881221166,911901802,26429.5,26459.5,13634.5,13664.5,16714.0,16744.0,26440,13650,16723,26449,13649,16735,False
neuron15,glutamate,1.0,0.964,941469087,941469087,816682053,19695.0,19725.0,14131.5,14161.5,14532.0,14562.0,19711,14151,14541,19709,14142,14553,False
neuron15,glutamate,1.0,0.975,941469087,941469087,1197993940,19269.0,19299.0,13005.0,13035.0,14455.0,14485.0,19279,13020,14478,19289,13020,14462,False
neuron15,glutamate,1.0,0.972,941469087,941469087,881217171,28534.0,28564.0,15430.5,15460.5,15788.5,15818.5,28553,15449,15810,28545,15442,15797,False
neuron15,glutamate,1.0,0.971,941469087,941469087,971817401,19600.0,19630.0,13907.5,13937.5,14869.0,14899.0,19613,13926,14876,19617,13919,14892,False
neuron15,glutamate,1.0,0.952,941469087,941469087,941123943,19770.5,19800.5,14075.5,14105.5,14804.5,14834.5,19790,14100,14821,19781,14081,14818,False
neuron15,glutamate,1.0,0.956,941469087,941469087,941123943,19654.5,19684.5,13824.0,13854.0,14919.5,14949.5,19665,13834,14930,19674,13844,14939,False
neuron15,glutamate,1.0,0.96,941469087,941469087,1292423935,29264.0,29294.0,15245.5,15275.5,15421.0,15451.0,29282,15273,15439,29276,15248,15433,False
neuron15,glutamate,1.0,0.985,941469087,941469087,912925080,29270.0,29300.0,15032.5,15062.5,15306.5,15336.5,29277,15043,15319,29293,15052,15324,False
neuron15,glutamate,1.0,0.971,941469087,941469087,979752365,29121.0,29151.0,15368.5,15398.5,15220.5,15250.5,29143,15378,15241,29129,15389,15230,False
neuron15,glutamate,1.0,0.977,941469087,941469087,912925080,28677.0,28707.0,15526.5,15556.5,15469.0,15499.0,28689,15531,15479,28695,15552,15489,False
neuron15,glutamate,0.9999608993530272,0.97,941469087,941469087,911901802,29915.5,29945.5,15234.5,15264.5,14938.0,14968.0,29919,15257,14953,29942,15242,14953,False
neuron15,glutamate,1.0,0.962,941469087,941469087,911129204,29500.5,29530.5,15242.5,15272.5,15305.5,15335.5,29525,15254,15325,29506,15261,15316,False
neuron15,glutamate,0.9882233738899232,0.952,941469087,941469087,910442782,29748.0,29778.0,15003.0,15033.0,14790.5,14820.5,29763,15024,14812,29763,15012,14799,False
neuron15,glutamate,1.0,0.96,941469087,941469087,912894991,28744.0,28774.0,15402.5,15432.5,15392.5,15422.5,28751,15423,15400,28767,15412,15415,False
neuron15,glutamate,0.9923134446144104,0.98,941469087,941469087,911906936,29952.5,29982.5,15789.0,15819.0,14801.5,14831.5,29968,15804,14828,29967,15804,14805,False
neuron16,glutamate,0.9972919821739196,0.987,424789697,424789697,421641859,15574.0,15604.0,27177.5,27207.5,10839.0,10869.0,15589,27192,10844,15589,27193,10864,False
neuron16,glutamate,0.9820961952209472,0.996,424789697,424789697,421641859,15170.5,15200.5,25492.0,25522.0,9024.5,9054.5,15185,25508,9032,15186,25506,9047,False
neuron16,glutamate,0.91316157579422,0.993,424789697,424789697,5812981543,15552.0,15582.0,26792.0,26822.0,10907.5,10937.5,15567,26815,10932,15567,26799,10913,False
neuron16,glutamate,0.9909884333610536,0.994,424789697,424789697,5812981840,14682.0,14712.0,22813.0,22843.0,10375.0,10405.0,14700,22839,10387,14694,22817,10393,False
neuron16,glutamate,0.9985790252685548,0.98,424789697,424789697,424767514,14435.0,14465.0,23693.5,23723.5,9381.0,9411.0,14441,23709,9401,14459,23708,9391,False
neuron16,glutamate,0.7897611260414124,0.997,424789697,424789697,328887977,15241.5,15271.5,24963.5,24993.5,7373.5,7403.5,15255,24975,7372,15258,24982,7405,True
neuron16,glutamate,0.9898654818534852,0.996,424789697,424789697,517514588,12443.0,12473.0,24712.5,24742.5,11153.5,11183.5,12444,24729,11173,12472,24726,11164,False
neuron16,glutamate,0.9859726428985596,0.984,424789697,424789697,300972942,15321.5,15351.5,25013.5,25043.5,8874.0,8904.0,15331,25030,8897,15342,25027,8881,False
neuron16,glutamate,0.9919394850730896,0.995,424789697,424789697,487144598,15642.5,15672.5,26834.0,26864.0,11348.0,11378.0,15653,26841,11366,15662,26857,11360,False
neuron16,glutamate,0.989991307258606,0.99,424789697,424789697,359598627,13005.5,13035.5,25942.0,25972.0,11103.0,11133.0,13019,25968,11111,13022,25946,11125,False
neuron16,glutamate,0.9839441776275636,0.987,424789697,424789697,300972942,16779.5,16809.5,26747.5,26777.5,7373.5,7403.5,16799,26771,7384,16790,26754,7393,False
neuron16,glutamate,0.9957858920097352,0.99,424789697,424789697,330268940,14364.0,14394.0,22703.0,22733.0,11079.0,11109.0,14384,22709,11085,14374,22727,11103,False
neuron16,glutamate,0.9999492168426514,0.994,424789697,424789697,331011085,15137.0,15167.0,22408.5,22438.5,9762.5,9792.5,15171,22422,9785,15133,22425,9770,True
neuron16,glutamate,0.948904037475586,0.981,424789697,424789697,424716408,13844.5,13874.5,28085.5,28115.5,7588.5,7618.5,13851,28111,7606,13868,28090,7601,False
neuron16,glutamate,0.8793597221374512,0.983,424789697,424789697,424716408,14911.5,14941.5,25101.0,25131.0,8806.5,8836.5,14931,25124,8818,14922,25108,8825,False
neuron17,glutamate,0.9991266131401062,0.994,910783731,910783731,5813014062,25149.0,25179.0,15145.0,15175.0,17354.0,17384.0,25156,15160,17372,25172,15160,17366,False
neuron17,glutamate,0.99996817111969,0.988,910783731,910783731,5812988091,25280.5,25310.5,13970.0,14000.0,16462.0,16492.0,25300,13995,16480,25291,13975,16474,False
neuron17,glutamate,0.9987230896949768,0.986,910783731,910783731,787374226,25664.5,25694.5,15112.0,15142.0,17233.0,17263.0,25677,15123,17255,25682,15131,17241,False
neuron17,glutamate,0.9956466555595398,0.993,910783731,910783731,1003672833,32777.0,32807.0,13913.0,13943.0,16348.0,16378.0,32795,13927,16355,32789,13929,16371,False
neuron17,glutamate,0.9999991655349731,0.983,910783731,910783731,882533209,25232.5,25262.5,14321.0,14351.0,17372.5,17402.5,25251,14331,17397,25244,14341,17378,False
neuron17,glutamate,0.9976824522018432,0.99,910783731,910783731,481112669,25905.5,25935.5,14149.5,14179.5,17705.5,17735.5,25916,14157,17725,25925,14172,17716,False
neuron17,glutamate,0.9999997615814208,0.951,910783731,910783731,481112669,25733.0,25763.0,14759.0,14789.0,17301.0,17331.0,25749,14775,17310,25747,14773,17322,False
neuron17,glutamate,0.9935256242752076,0.984,910783731,910783731,1443268440,33277.5,33307.5,13748.0,13778.0,16874.5,16904.5,33301,13757,16895,33284,13769,16884,False
neuron17,glutamate,0.9999786615371704,0.988,910783731,910783731,882533209,25927.0,25957.0,15294.5,15324.5,17286.0,17316.0,25941,15298,17302,25943,15321,17300,False
neuron17,glutamate,1.0,0.996,910783731,910783731,666308023,25598.5,25628.5,14164.0,14194.0,17160.0,17190.0,25611,14179,17168,25616,14179,17182,False
neuron17,glutamate,0.9432594180107116,0.982,910783731,910783731,1536006733,32871.5,32901.5,13804.5,13834.5,16318.5,16348.5,32883,13826,16344,32890,13813,16323,False
neuron17,glutamate,0.9999998807907104,0.995,910783731,910783731,910442752,25084.0,25114.0,14510.5,14540.5,17319.0,17349.0,25092,14527,17331,25106,14524,17337,False
neuron17,glutamate,0.9994924068450928,0.993,910783731,910783731,1188388754,18283.0,18313.0,11159.0,11189.0,17650.0,17680.0,18288,11171,17661,18308,11177,17669,False
neuron17,glutamate,1.0,0.974,910783731,910783731,881221166,25563.0,25593.0,14225.5,14255.5,16730.5,16760.5,25576,14239,16754,25580,14242,16737,False
neuron17,glutamate,0.9999985694885254,0.973,910783731,910783731,1097718901,25237.0,25267.0,14003.5,14033.5,16573.0,16603.0,25252,14026,16597,25252,14011,16579,False
neuron18,glutamate,0.9992384910583496,0.988,912243353,912243353,942522378,23969.0,23999.0,13726.5,13756.5,16769.0,16799.0,23988,13736,16779,23980,13747,16789,False
neuron18,glutamate,1.0,0.991,912243353,912243353,663225743,24621.5,24651.5,14969.5,14999.5,16591.5,16621.5,24636,14979,16604,24637,14990,16609,False
neuron18,glutamate,0.9821743965148926,0.976,912243353,912243353,1095275456,24643.5,24673.5,13973.5,14003.5,17299.5,17329.5,24662,13979,17316,24655,13998,17313,False
neuron18,glutamate,0.9981886744499208,0.979,912243353,912243353,663225743,24140.0,24170.0,14629.5,14659.5,17163.5,17193.5,24160,14642,17167,24150,14647,17190,False
neuron18,glutamate,0.9999932050704956,0.997,912243353,912243353,916284630,24710.5,24740.5,14658.0,14688.0,17596.5,17626.5,24716,14677,17608,24735,14669,17615,False
neuron18,glutamate,1.0,0.988,912243353,912243353,724280817,24769.5,24799.5,13662.5,13692.5,17684.5,17714.5,24782,13680,17687,24787,13675,17712,False
neuron18,glutamate,0.9999932050704956,0.997,912243353,912243353,1097718659,24707.5,24737.5,14653.5,14683.5,17591.0,17621.0,24716,14677,17608,24729,14660,17604,False
neuron18,glutamate,0.999866247177124,0.988,912243353,912243353,916284630,24530.0,24560.0,14047.0,14077.0,17407.5,17437.5,24543,14052,17424,24547,14072,17421,False
neuron18,glutamate,0.9858623147010804,0.996,912243353,912243353,1035640810,23986.5,24016.5,14765.0,14795.0,16480.0,16510.0,24006,14774,16492,23997,14786,16498,False
neuron18,glutamate,0.9915187954902648,0.994,912243353,912243353,1662166202,24319.5,24349.5,14417.5,14447.5,17274.5,17304.5,24333,14442,17291,24336,14423,17288,False
neuron18,glutamate,0.9999533891677856,0.987,912243353,912243353,1097718659,24807.5,24837.5,13915.5,13945.5,17588.0,17618.0,24820,13923,17596,24825,13938,17610,False
neuron18,glutamate,0.999956488609314,0.993,912243353,912243353,911134009,23719.5,23749.5,14436.0,14466.0,16474.0,16504.0,23738,14445,16482,23731,14457,16496,False
neuron18,glutamate,0.9760429263114928,0.978,912243353,912243353,1095275456,33611.5,33641.5,13754.0,13784.0,15766.0,15796.0,33628,13764,15785,33625,13774,15777,False
neuron18,glutamate,1.0,0.99,912243353,912243353,1534616361,24423.0,24453.0,14305.0,14335.0,16436.5,16466.5,24440,14309,16449,24436,14331,16454,False
neuron18,glutamate,0.9989885687828064,0.99,912243353,912243353,1097718659,24310.0,24340.0,14136.0,14166.0,17533.0,17563.0,24326,14145,17557,24324,14157,17539,False
neuron19,glutamate,0.9236482977867126,0.989,1386512867,1386512867,5813062838,32835.5,32865.5,33409.0,33439.0,17668.5,17698.5,32852,33414,17686,32849,33434,17681,False
neuron19,glutamate,0.9999929666519164,0.998,1386512867,1386512867,673509195,26877.5,26907.5,30534.5,30564.5,17317.5,17347.5,26900,30555,17335,26885,30544,17330,False
neuron19,glutamate,0.9986276626586914,0.956,1386512867,1386512867,1016611275,31567.0,31597.0,31037.0,31067.0,17044.0,17074.0,31572,31047,17058,31592,31057,17060,False
neuron19,glutamate,0.9831374883651732,0.977,1386512867,1386512867,673509195,28069.0,28099.0,31323.0,31353.0,18437.5,18467.5,28079,31341,18447,28089,31335,18458,False
neuron19,glutamate,0.9566075205802916,0.981,1386512867,1386512867,674877940,31719.5,31749.5,30530.5,30560.5,14646.0,14676.0,31729,30544,14663,31740,30547,14659,False
neuron19,glutamate,0.6757532954216003,0.999,1386512867,1386512867,5813040205,33538.5,33568.5,33490.5,33520.5,20004.5,20034.5,33552,33517,20017,33555,33494,20022,False
neuron19,glutamate,0.9990703463554382,0.996,1386512867,1386512867,299082033,30922.0,30952.0,31073.0,31103.0,14485.0,14515.0,30955,31090,14493,30919,31086,14507,True
neuron19,glutamate,0.7970238327980042,0.975,1386512867,1386512867,5813062838,33470.5,33500.5,31895.5,31925.5,16040.5,16070.5,33482,31904,16065,33489,31917,16046,False
neuron19,glutamate,0.999783456325531,0.954,1386512867,1386512867,829059301,28993.0,29023.0,32106.5,32136.5,20401.0,20431.0,29009,32130,20409,29007,32113,20423,False
neuron19,glutamate,0.6768947839736938,0.969,1386512867,1386512867,1171423213,26993.5,27023.5,31880.0,31910.0,17173.0,17203.0,27007,31887,17189,27010,31903,17187,False
neuron19,glutamate,0.716173529624939,0.998,1386512867,1386512867,1453176009,33546.0,33576.0,33429.0,33459.0,19793.5,19823.5,33556,33453,19809,33566,33435,19808,False
neuron19,glutamate,0.9203700423240662,0.992,1386512867,1386512867,1016611275,32854.0,32884.0,31944.0,31974.0,16111.0,16141.0,32875,31953,16124,32863,31965,16128,False
neuron19,glutamate,0.9915578365325928,0.977,1386512867,1386512867,5813040205,32274.5,32304.5,31896.5,31926.5,16755.5,16785.5,32288,31913,16780,32291,31910,16761,False
neuron19,glutamate,0.4927147030830383,0.96,1386512867,1386512867,1016835041,31475.5,31505.5,32135.5,32165.5,17733.0,17763.0,31485,32144,17751,31496,32157,17745,False
neuron19,glutamate,0.9980319142341614,0.987,1386512867,1386512867,1078654898,28467.0,28497.0,29786.5,29816.5,16012.5,16042.5,28475,29799,16033,28489,29804,16022,False
neuron20,glutamate,1.0,0.952,910783883,910783883,1217385533,19404.0,19434.0,11140.5,11170.5,17814.5,17844.5,19424,11153,17822,19414,11158,17837,False
neuron20,glutamate,0.9999730587005616,0.979,910783883,910783883,916284630,25429.0,25459.0,14243.0,14273.0,16137.0,16167.0,25447,14267,16155,25441,14249,16149,False
neuron20,glutamate,0.9999988079071044,0.996,910783883,910783883,787374226,25718.5,25748.5,14540.5,14570.5,16436.0,16466.0,25735,14566,16448,25732,14545,16454,False
neuron20,glutamate,1.0,0.974,910783883,910783883,911211196,25827.0,25857.0,14543.5,14573.5,16453.0,16483.0,25845,14557,16476,25839,14560,16460,False
neuron20,glutamate,1.0,0.993,910783883,910783883,881217171,25748.0,25778.0,14342.0,14372.0,16241.0,16271.0,25766,14368,16257,25760,14346,16255,False
neuron20,glutamate,1.0,0.985,910783883,910783883,1159797364,25912.0,25942.0,14921.5,14951.5,16467.5,16497.5,25921,14946,16482,25933,14927,16483,False
neuron20,glutamate,1.0,0.985,910783883,910783883,882533209,25945.5,25975.5,14588.5,14618.5,16603.0,16633.0,25954,14601,16612,25967,14606,16624,False
neuron20,glutamate,0.9999994039535522,0.985,910783883,910783883,1190569420,33569.0,33599.0,14238.5,14268.5,16982.5,17012.5,33590,14249,17004,33578,14258,16991,False
neuron20,glutamate,1.0,0.989,910783883,910783883,880530613,26161.5,26191.5,14551.5,14581.5,17267.0,17297.0,26167,14570,17285,26186,14563,17279,False
neuron20,glutamate,1.0,0.991,910783883,910783883,5813048042,25516.0,25546.0,14273.0,14303.0,16302.0,16332.0,25532,14290,16309,25530,14286,16325,False
neuron20,glutamate,0.9999983310699464,0.959,910783883,910783883,5813077544,25376.5,25406.5,15041.0,15071.0,16513.0,16543.0,25395,15048,16527,25388,15064,16529,False
neuron20,glutamate,0.9511367082595824,0.984,910783883,910783883,1259097611,33345.0,33375.0,14451.5,14481.5,16838.5,16868.5,33352,14471,16856,33368,14462,16851,False
neuron20,glutamate,1.0,0.984,910783883,910783883,911211196,19001.0,19031.0,11424.5,11454.5,17848.0,17878.0,19021,11444,17867,19011,11435,17859,False
neuron20,glutamate,1.0,0.957,910783883,910783883,1218728541,19184.0,19214.0,10925.0,10955.0,18454.0,18484.0,19200,10943,18463,19198,10937,18475,False
neuron20,glutamate,1.0,0.973,910783883,910783883,1217385533,19608.0,19638.0,10868.0,10898.0,17744.0,17774.0,19619,10890,17768,19627,10876,17750,False
